Draw Date,Winning Numbers,Multiplier
2022-04-04,02 32 39 46 69 06,2
2022-04-02,06 28 47 58 59 18,2
2022-03-30,03 07 21 31 37 11,3
2022-03-28,11 18 39 58 62 03,2
2022-03-26,02 10 50 59 61 06,3
2022-03-23,31 32 37 38 48 24,2
2022-03-21,01 15 26 63 65 16,2
2022-03-19,08 09 18 48 52 06,2
2022-03-16,03 28 34 35 58 17,2
2022-03-14,21 28 32 44 49 06,3
2022-03-09,13 22 34 51 67 10,2
2022-03-07,10 43 55 59 67 02,3
2022-03-05,08 23 37 52 63 13,2
2022-03-02,19 37 48 61 63 12,2
2022-02-28,07 21 39 47 55 19,2
2022-02-26,15 32 36 48 64 19,3
2022-02-23,06 17 21 35 64 18,2
2022-02-21,02 36 37 45 69 03,2
2022-02-19,03 10 15 33 42 11,2
2022-02-16,22 30 40 42 48 16,2
2022-02-14,16 25 27 49 55 17,3
2022-02-12,08 10 21 41 62 07,3
2022-02-09,02 17 33 51 63 26,2
2022-02-07,05 15 38 47 65 10,3
2022-02-05,05 16 27 39 61 24,2
2022-02-02,18 29 33 62 63 15,3
2022-01-31,10 15 51 61 69 14,3
2022-01-29,02 15 38 54 65 11,4
2022-01-26,04 11 38 49 69 16,3
2022-01-24,11 29 30 47 53 16,3
2022-01-22,08 14 33 36 67 17,2
2022-01-19,11 15 43 55 61 10,3
2022-01-17,09 24 35 46 65 22,2
2022-01-15,03 18 37 51 59 13,2
2022-01-12,12 21 22 30 33 24,4
2022-01-10,14 17 18 21 27 09,2
2022-01-08,20 21 36 60 65 13,10
2022-01-05,06 14 25 33 46 17,2
2022-01-03,02 13 32 33 48 22,2
2022-01-01,06 12 39 48 50 07,2
2021-12-29,02 06 09 33 39 11,2
2021-12-27,36 38 45 62 64 19,2
2021-12-25,27 29 45 55 58 02,3
2021-12-22,07 16 19 48 68 15,2
2021-12-20,02 13 23 34 66 02,4
2021-12-18,02 06 24 51 61 01,2
2021-12-15,19 20 40 42 59 15,3
2021-12-13,10 30 37 53 59 04,2
2021-12-11,03 25 44 53 64 10,2
2021-12-08,03 07 33 50 69 24,2
2021-12-06,03 21 38 50 59 06,3
2021-12-04,10 40 45 56 67 02,2
2021-12-01,12 15 38 57 63 24,2
2021-11-29,18 26 28 38 47 17,2
2021-11-27,08 32 55 64 66 10,2
2021-11-24,10 16 32 63 65 17,2
2021-11-22,07 20 29 38 67 22,2
2021-11-20,40 43 48 59 69 19,3
2021-11-17,03 16 48 52 60 01,3
2021-11-15,05 31 34 51 53 23,2
2021-11-13,08 15 26 35 45 09,3
2021-11-10,19 25 43 46 48 14,2
2021-11-08,21 46 47 57 62 08,3
2021-11-06,08 30 48 57 64 09,2
2021-11-03,01 02 24 50 57 26,2
2021-11-01,09 25 34 44 45 08,3
2021-10-30,05 23 28 43 56 19,2
2021-10-27,03 06 26 35 51 17,4
2021-10-25,10 27 29 44 58 24,2
2021-10-23,10 30 51 57 63 20,2
2021-10-20,07 29 36 41 43 05,2
2021-10-18,30 32 48 53 63 12,2
2021-10-16,30 31 41 42 48 03,3
2021-10-13,23 29 47 59 60 15,2
2021-10-11,11 20 33 39 65 24,3
2021-10-09,12 17 30 45 62 05,2
2021-10-06,01 17 52 58 64 01,10
2021-10-04,12 22 54 66 69 15,2
2021-10-02,28 38 42 47 52 01,2
2021-09-29,02 07 11 17 32 11,3
2021-09-27,21 22 39 44 60 12,2
2021-09-25,22 23 37 62 63 19,3
2021-09-22,20 40 47 55 63 05,3
2021-09-20,37 51 54 58 60 19,2
2021-09-18,05 36 39 45 57 11,2
2021-09-15,01 04 18 46 62 25,3
2021-09-13,37 40 50 61 63 21,3
2021-09-11,20 31 38 40 49 21,2
2021-09-08,09 22 41 47 61 21,2
2021-09-06,11 20 22 33 54 24,2
2021-09-04,32 35 40 52 54 01,5
2021-09-01,10 20 29 48 51 17,2
2021-08-30,03 15 45 51 61 08,2
2021-08-28,12 22 26 46 59 26,2
2021-08-25,27 39 54 56 59 24,3
2021-08-23,17 36 47 60 61 15,3
2021-08-21,16 28 36 39 59 04,2
2021-08-18,35 36 51 55 61 26,2
2021-08-14,06 21 49 65 67 18,2
2021-08-11,12 18 20 29 30 16,3
2021-08-07,07 24 36 54 60 23,2
2021-08-04,05 21 32 36 58 14,2
2021-07-31,01 21 22 34 47 04,2
2021-07-28,25 30 53 59 60 05,3
2021-07-24,01 04 11 59 67 10,2
2021-07-21,27 28 44 67 68 11,2
2021-07-17,15 22 38 54 66 03,2
2021-07-14,33 46 52 59 62 10,2
2021-07-10,01 05 29 54 62 03,2
2021-07-07,08 21 30 49 57 08,2
2021-07-03,26 40 41 55 65 24,2
2021-06-30,24 29 50 65 66 14,4
2021-06-26,08 31 39 43 60 17,3
2021-06-23,13 20 40 51 63 01,3
2021-06-19,04 22 35 38 39 20,2
2021-06-16,19 29 34 44 50 25,2
2021-06-12,08 25 34 38 41 10,3
2021-06-05,44 52 54 64 69 26,3
2021-06-02,06 07 11 66 67 19,3
2021-05-29,11 13 22 27 46 20,2
2021-05-26,02 08 21 34 62 16,2
2021-05-22,03 19 27 37 40 08,2
2021-05-19,11 13 55 56 69 04,2
2021-05-15,04 10 37 39 69 24,3
2021-05-12,01 19 20 38 54 17,2
2021-05-08,12 17 20 21 26 08,3
2021-05-05,16 23 28 40 63 01,2
2021-05-01,35 36 47 61 63 03,3
2021-04-24,22 36 48 59 61 22,3
2021-04-21,21 25 32 63 67 06,2
2021-04-17,10 21 26 41 49 25,2
2021-04-14,13 30 33 45 61 14,2
2021-04-10,14 16 23 50 53 03,3
2021-04-07,27 35 39 51 66 16,5
2021-04-03,01 12 17 39 53 05,2
2021-03-31,03 10 44 55 68 24,2
2021-03-27,06 14 38 39 65 06,3
2021-03-24,04 09 17 27 38 18,2
2021-03-20,01 06 22 42 61 04,3
2021-03-17,34 38 42 61 62 19,2
2021-03-13,05 11 51 56 61 02,2
2021-03-10,17 18 37 44 53 18,3
2021-03-06,11 31 50 52 58 18,4
2021-03-03,21 40 44 50 55 16,3
2021-02-27,02 28 31 44 52 18,3
2021-02-24,04 33 43 53 65 21,3
2021-02-20,04 08 22 32 58 04,10
2021-02-17,01 15 21 32 46 01,3
2021-02-13,20 28 33 63 68 20,2
2021-02-10,15 39 58 63 67 07,2
2021-02-06,01 16 48 49 65 08,2
2021-02-03,05 37 40 64 66 05,3
2021-01-30,01 02 07 52 61 04,3
2021-01-27,17 33 35 42 52 09,3
2021-01-23,05 08 17 27 28 14,3
2021-01-20,40 53 60 68 69 22,3
2021-01-16,14 20 39 65 67 02,3
2021-01-13,04 19 23 25 49 14,2
2021-01-09,14 26 38 45 46 13,2
2021-01-06,01 20 22 60 66 03,3
2021-01-02,03 04 11 41 67 05,2
2020-12-30,03 43 45 61 65 14,2
2020-12-26,10 24 27 35 53 18,2
2020-12-23,06 13 38 39 53 06,3
2020-12-19,27 32 34 43 52 13,2
2020-12-16,04 23 37 61 67 07,2
2020-12-12,17 54 56 63 69 20,2
2020-12-09,11 14 31 47 48 04,3
2020-12-05,03 04 06 48 53 10,2
2020-12-02,28 31 40 41 46 04,3
2020-11-28,08 12 18 44 51 18,2
2020-11-25,02 57 58 60 65 26,2
2020-11-21,51 54 57 60 69 11,2
2020-11-18,04 05 17 43 52 05,2
2020-11-14,07 15 18 32 45 20,2
2020-11-11,13 15 17 45 63 13,2
2020-11-07,14 16 37 48 58 18,2
2020-11-04,23 32 33 45 49 14,2
2020-10-31,02 06 40 42 55 24,3
2020-10-28,11 28 37 40 53 13,2
2020-10-24,18 20 27 45 65 06,2
2020-10-21,01 03 13 44 56 26,3
2020-10-17,06 10 31 37 44 23,2
2020-10-14,21 37 52 53 58 05,2
2020-10-10,05 18 23 40 50 18,3
2020-10-07,06 24 30 53 56 19,2
2020-10-03,18 31 36 43 47 20,2
2020-09-30,14 18 36 49 67 18,2
2020-09-26,11 21 27 36 62 24,3
2020-09-23,08 17 49 52 59 01,2
2020-09-19,11 14 23 47 57 14,4
2020-09-16,10 17 31 51 53 01,2
2020-09-12,16 17 20 53 67 04,2
2020-09-09,27 52 55 60 64 21,3
2020-09-05,15 21 22 27 47 07,2
2020-09-02,01 04 11 20 69 18,2
2020-08-29,05 21 22 29 43 10,2
2020-08-26,08 12 19 47 58 02,2
2020-08-22,19 30 36 42 66 14,3
2020-08-19,13 23 47 55 58 23,10
2020-08-15,05 12 34 45 56 03,3
2020-08-12,02 06 18 36 37 21,2
2020-08-08,02 03 14 40 51 24,3
2020-08-05,07 14 17 57 65 24,5
2020-08-01,06 25 36 43 48 24,3
2020-07-29,07 29 35 40 45 26,2
2020-07-25,05 21 36 61 62 18,2
2020-07-22,16 25 36 44 55 14,3
2020-07-18,13 16 32 58 59 09,2
2020-07-15,27 47 61 62 69 04,10
2020-07-11,14 19 61 62 64 04,2
2020-07-08,03 10 34 36 62 05,10
2020-07-04,16 21 27 60 61 06,2
2020-07-01,15 28 52 53 63 18,4
2020-06-27,09 36 49 56 62 08,2
2020-06-24,15 22 27 33 46 23,3
2020-06-20,10 31 41 63 67 05,3
2020-06-17,07 10 63 64 68 10,3
2020-06-13,02 12 32 50 65 05,3
2020-06-10,10 33 41 52 54 18,5
2020-06-06,01 17 38 68 69 18,2
2020-06-03,01 03 26 41 64 17,2
2020-05-30,13 32 41 58 60 14,2
2020-05-27,38 58 59 64 68 21,3
2020-05-23,02 08 18 21 23 16,4
2020-05-20,18 34 40 42 50 09,2
2020-05-16,08 12 26 39 42 11,2
2020-05-13,39 53 54 56 57 20,3
2020-05-09,12 18 42 48 65 19,5
2020-05-06,07 08 35 50 65 20,4
2020-05-02,13 16 33 58 68 24,5
2020-04-29,02 20 49 61 67 20,2
2020-04-25,01 03 21 47 57 18,2
2020-04-22,01 33 35 40 69 24,5
2020-04-18,04 44 46 56 63 19,2
2020-04-15,10 12 33 36 41 02,3
2020-04-11,22 29 30 42 47 17,3
2020-04-08,02 37 39 48 54 05,3
2020-04-04,08 31 39 40 43 04,3
2020-04-01,33 35 45 48 60 16,2
2020-03-28,07 40 48 55 66 11,2
2020-03-25,05 09 27 39 42 16,2
2020-03-21,02 23 40 59 69 13,2
2020-03-18,15 27 44 59 63 08,4
2020-03-14,09 23 26 30 32 08,3
2020-03-11,04 29 49 50 67 02,4
2020-03-07,07 15 21 33 62 23,2
2020-03-04,18 43 58 60 68 14,2
2020-02-29,24 44 46 50 51 13,3
2020-02-26,08 27 29 36 47 24,3
2020-02-22,25 37 39 61 62 11,3
2020-02-19,10 12 15 19 56 19,2
2020-02-15,16 32 35 36 46 03,3
2020-02-12,14 47 54 55 68 25,2
2020-02-08,35 49 50 59 66 06,2
2020-02-05,23 30 35 41 57 02,3
2020-02-01,12 33 54 57 60 13,4
2020-01-29,09 12 15 31 60 02,2
2020-01-25,02 09 17 36 67 18,2
2020-01-22,11 33 44 59 67 08,3
2020-01-18,20 24 38 56 68 18,2
2020-01-15,39 41 53 55 68 19,2
2020-01-11,03 21 23 31 59 03,2
2020-01-08,02 04 07 43 56 22,4
2020-01-04,01 11 21 25 54 07,2
2020-01-01,49 53 57 59 62 26,2
2019-12-28,20 23 39 59 60 18,2
2019-12-25,02 04 16 30 46 20,2
2019-12-21,19 31 35 50 67 14,2
2019-12-18,14 18 26 39 68 09,2
2019-12-14,03 06 12 32 64 19,3
2019-12-11,24 29 42 44 63 10,4
2019-12-07,18 42 53 62 66 25,3
2019-12-04,08 27 44 51 61 14,3
2019-11-30,15 35 42 63 68 18,4
2019-11-27,15 26 37 53 55 21,2
2019-11-23,28 35 38 61 66 23,3
2019-11-20,07 15 39 40 57 12,2
2019-11-16,14 22 26 55 63 26,3
2019-11-13,23 26 27 28 66 11,2
2019-11-09,14 17 35 38 60 25,2
2019-11-06,15 28 46 62 64 17,3
2019-11-02,03 23 32 37 58 22,2
2019-10-30,19 22 52 56 67 21,2
2019-10-26,03 20 48 54 59 04,4
2019-10-23,05 12 50 61 69 23,2
2019-10-19,14 27 29 59 65 12,2
2019-10-16,01 05 25 63 67 03,2
2019-10-12,12 29 34 53 65 23,2
2019-10-09,05 18 33 43 65 02,2
2019-10-05,06 14 36 51 54 04,2
2019-10-02,04 08 10 43 53 07,2
2019-09-28,15 23 34 51 55 04,2
2019-09-25,37 43 44 45 53 25,3
2019-09-21,01 09 22 36 68 22,2
2019-09-18,14 19 39 47 51 15,3
2019-09-14,11 27 31 36 67 11,2
2019-09-11,06 17 24 53 57 03,3
2019-09-07,11 20 41 42 56 06,2
2019-09-04,04 08 30 52 59 02,10
2019-08-31,14 41 50 56 57 18,5
2019-08-28,09 32 37 41 56 14,10
2019-08-24,05 12 20 21 47 01,2
2019-08-21,12 21 22 29 32 21,2
2019-08-17,18 21 24 30 60 20,3
2019-08-14,10 13 30 51 69 10,2
2019-08-10,35 41 44 58 59 03,3
2019-08-07,08 32 47 53 59 03,3
2019-08-03,03 06 45 66 68 13,2
2019-07-31,14 37 47 55 67 06,2
2019-07-27,01 19 31 48 61 06,2
2019-07-24,22 29 35 53 56 13,2
2019-07-20,05 26 36 64 69 19,3
2019-07-17,19 43 47 60 68 10,2
2019-07-13,13 23 32 35 68 21,3
2019-07-10,07 09 26 44 68 03,3
2019-07-06,04 08 23 46 65 01,2
2019-07-03,40 43 45 50 61 25,3
2019-06-29,13 17 24 59 62 08,2
2019-06-26,01 05 16 22 54 24,3
2019-06-22,03 06 11 14 66 21,2
2019-06-19,04 18 21 26 38 01,3
2019-06-15,08 11 14 16 49 14,3
2019-06-12,05 35 38 42 57 13,2
2019-06-08,09 13 42 48 60 18,2
2019-06-05,17 23 28 34 38 08,3
2019-06-01,06 15 34 45 52 08,2
2019-05-29,03 32 34 42 61 07,2
2019-05-25,01 02 39 43 66 02,3
2019-05-22,07 10 20 44 57 03,2
2019-05-18,02 10 25 66 67 26,4
2019-05-15,07 17 33 61 68 04,2
2019-05-11,06 08 09 37 40 26,2
2019-05-08,01 45 53 64 66 03,3
2019-05-04,06 16 23 30 61 02,2
2019-05-01,05 23 28 56 66 17,5
2019-04-27,02 29 41 45 62 06,3
2019-04-24,06 32 35 36 65 04,5
2019-04-20,03 27 30 63 65 01,3
2019-04-17,01 15 17 46 66 15,3
2019-04-13,04 17 26 32 49 10,2
2019-04-10,12 21 23 39 67 06,4
2019-04-06,15 33 43 59 60 08,3
2019-04-03,16 19 25 32 49 18,2
2019-03-30,21 52 54 64 68 04,3
2019-03-27,16 20 37 44 62 12,3
2019-03-23,24 25 52 60 66 05,3
2019-03-20,10 14 50 53 63 21,2
2019-03-16,30 34 39 53 67 11,2
2019-03-13,18 36 45 47 69 14,3
2019-03-09,05 06 45 55 59 14,3
2019-03-06,06 10 21 35 46 23,2
2019-03-02,01 19 25 27 68 21,2
2019-02-27,21 31 42 49 59 23,5
2019-02-23,04 06 14 20 32 13,2
2019-02-20,27 49 50 51 52 02,2
2019-02-16,29 30 41 48 64 01,4
2019-02-13,02 08 14 24 69 26,2
2019-02-09,01 02 03 07 39 25,3
2019-02-06,05 13 28 38 63 21,5
2019-02-02,10 17 18 43 65 13,5
2019-01-30,02 12 16 29 54 06,2
2019-01-26,08 12 20 21 32 10,4
2019-01-23,23 25 47 48 50 24,3
2019-01-19,05 08 41 65 66 20,3
2019-01-16,14 29 31 56 61 01,2
2019-01-12,07 36 48 57 58 24,2
2019-01-09,06 19 37 49 59 22,3
2019-01-05,03 07 15 27 69 19,2
2019-01-02,08 12 42 46 56 12,2
2018-12-29,12 42 51 53 62 25,2
2018-12-26,05 25 38 52 67 24,2
2018-12-22,21 28 30 40 59 26,3
2018-12-19,15 29 31 37 43 16,2
2018-12-15,08 38 43 52 55 17,3
2018-12-12,04 09 21 29 64 26,2
2018-12-08,14 32 34 46 61 10,2
2018-12-05,09 11 36 37 38 11,5
2018-12-01,10 11 47 55 58 26,2
2018-11-28,04 19 59 68 69 21,2
2018-11-24,11 33 51 56 58 18,2
2018-11-21,07 14 23 38 55 18,2
2018-11-17,06 08 20 52 68 05,2
2018-11-14,07 42 49 62 69 23,5
2018-11-10,05 29 34 53 57 24,2
2018-11-07,26 28 34 42 50 25,2
2018-11-03,15 21 24 32 65 11,3
2018-10-31,07 25 39 40 47 20,3
2018-10-27,08 12 13 19 27 04,3
2018-10-24,03 21 45 53 56 22,2
2018-10-20,16 54 57 62 69 23,2
2018-10-17,03 57 64 68 69 15,3
2018-10-13,11 14 32 43 65 15,3
2018-10-10,08 23 27 42 60 07,3
2018-10-06,01 22 27 53 67 15,3
2018-10-03,41 53 59 63 66 03,3
2018-09-29,09 17 34 59 64 22,2
2018-09-26,01 02 07 30 50 08,5
2018-09-22,24 61 63 64 69 18,5
2018-09-19,04 39 48 50 51 11,3
2018-09-15,02 18 19 24 34 03,3
2018-09-12,06 28 48 63 64 24,2
2018-09-08,03 13 20 32 33 21,3
2018-09-05,06 15 50 59 60 13,2
2018-09-01,11 54 55 61 66 09,3
2018-08-29,25 41 53 57 67 12,2
2018-08-25,20 25 54 57 63 08,2
2018-08-22,01 07 45 47 69 13,2
2018-08-18,24 34 52 61 67 16,3
2018-08-15,12 15 28 47 48 16,2
2018-08-11,05 43 56 62 68 24,2
2018-08-08,10 21 30 43 63 17,2
2018-08-04,03 11 38 44 58 02,4
2018-08-01,05 22 32 38 58 26,2
2018-07-28,22 27 46 56 65 13,2
2018-07-25,02 18 41 44 64 26,2
2018-07-21,09 23 56 58 68 01,2
2018-07-18,01 10 27 28 36 12,2
2018-07-14,22 41 42 49 67 11,3
2018-07-11,19 21 27 46 47 07,4
2018-07-07,01 10 43 45 64 22,3
2018-07-04,04 07 15 41 44 10,2
2018-06-30,03 09 20 42 61 24,2
2018-06-27,07 28 37 62 63 15,2
2018-06-23,16 29 43 45 56 25,2
2018-06-20,04 14 23 27 56 13,2
2018-06-16,09 45 57 58 65 09,2
2018-06-13,13 20 38 45 55 01,2
2018-06-09,06 10 15 25 36 14,3
2018-06-06,23 28 41 53 56 14,3
2018-06-02,23 25 37 44 64 07,4
2018-05-30,17 23 26 46 68 20,2
2018-05-26,01 21 31 45 49 21,2
2018-05-23,20 54 56 61 64 07,4
2018-05-19,03 06 09 17 56 25,3
2018-05-16,17 19 21 22 51 19,2
2018-05-12,22 42 45 55 56 14,3
2018-05-09,11 16 38 50 69 19,2
2018-05-05,14 29 36 57 61 17,4
2018-05-02,05 14 31 40 50 06,2
2018-04-28,20 22 28 45 50 08,5
2018-04-25,17 18 39 56 64 12,3
2018-04-21,40 50 54 62 69 19,2
2018-04-18,09 10 12 17 23 09,2
2018-04-14,17 19 26 61 62 15,2
2018-04-11,16 18 27 55 67 18,3
2018-04-07,02 17 20 38 39 20,2
2018-04-04,08 24 42 54 64 24,4
2018-03-31,08 24 52 55 61 21,3
2018-03-28,06 08 26 52 53 21,2
2018-03-24,10 33 45 53 56 24,3
2018-03-21,03 04 18 29 61 25,2
2018-03-17,22 57 59 60 66 07,2
2018-03-14,06 12 24 41 68 09,3
2018-03-10,43 44 54 61 69 22,3
2018-03-07,06 13 19 36 51 18,2
2018-03-03,13 17 25 36 40 05,2
2018-02-28,12 30 59 65 69 16,5
2018-02-24,24 25 38 62 63 06,2
2018-02-21,07 15 31 34 36 08,3
2018-02-17,13 26 39 44 62 02,3
2018-02-14,37 39 44 46 69 26,2
2018-02-10,01 13 27 41 59 20,5
2018-02-07,23 34 35 40 47 10,2
2018-02-03,15 23 27 48 53 06,2
2018-01-31,04 07 14 46 59 22,10
2018-01-27,17 21 26 47 54 07,2
2018-01-24,05 09 11 33 64 21,3
2018-01-20,26 28 47 49 58 03,4
2018-01-17,03 33 37 51 57 21,2
2018-01-13,14 25 35 58 69 24,2
2018-01-10,07 24 33 49 50 04,5
2018-01-06,12 61 30 29 33 26,3
2018-01-03,02 18 37 39 42 12,3
2017-12-30,28 36 41 51 58 24,2
2017-12-27,03 09 16 56 60 03,3
2017-12-23,01 03 13 15 44 25,2
2017-12-20,01 20 61 64 69 20,2
2017-12-16,09 35 37 50 63 11,2
2017-12-13,02 24 28 51 58 07,3
2017-12-09,25 36 37 55 60 06,5
2017-12-06,19 20 50 55 62 09,2
2017-12-02,28 30 32 36 58 06,3
2017-11-29,24 26 28 59 63 16,3
2017-11-25,08 13 27 53 54 04,2
2017-11-22,35 37 46 51 61 13,2
2017-11-18,17 28 31 32 39 26,3
2017-11-15,23 32 44 48 50 25,2
2017-11-11,04 06 16 30 56 18,2
2017-11-08,12 14 20 21 34 22,2
2017-11-04,12 14 26 48 51 13,3
2017-11-01,03 06 19 26 44 01,2
2017-10-28,27 35 38 57 66 10,2
2017-10-25,18 22 29 54 57 08,3
2017-10-21,14 41 42 45 69 04,2
2017-10-18,30 49 54 66 69 08,2
2017-10-14,32 37 56 66 69 11,3
2017-10-11,01 03 13 19 69 23,2
2017-10-07,10 49 61 63 65 07,2
2017-10-04,22 23 62 63 66 24,2
2017-09-30,08 12 25 41 64 15,3
2017-09-27,08 10 21 23 25 22,3
2017-09-23,24 45 55 56 57 19,2
2017-09-20,39 48 53 67 68 26,3
2017-09-16,17 18 24 25 31 24,2
2017-09-13,17 24 35 57 63 19,3
2017-09-09,06 20 29 57 59 22,2
2017-09-06,08 14 32 58 67 17,3
2017-09-02,06 21 41 52 62 26,2
2017-08-30,19 28 43 67 69 07,2
2017-08-26,07 15 32 38 66 15,2
2017-08-23,06 07 16 23 26 04,4
2017-08-19,17 19 39 43 68 13,4
2017-08-16,09 15 43 60 64 04,3
2017-08-12,20 24 26 35 49 19,2
2017-08-09,12 30 36 47 62 09,4
2017-08-05,11 21 28 33 45 11,2
2017-08-02,01 16 54 63 69 18,3
2017-07-29,01 28 40 45 48 12,2
2017-07-26,07 19 21 42 69 12,2
2017-07-22,05 32 44 53 60 09,3
2017-07-19,50 51 59 61 63 04,5
2017-07-15,09 40 63 64 66 17,2
2017-07-12,01 02 18 23 61 09,2
2017-07-08,08 10 29 40 59 26,2
2017-07-05,04 09 16 54 68 21,2
2017-07-01,19 42 45 48 53 16,3
2017-06-28,29 37 46 53 68 08,2
2017-06-24,10 22 32 36 58 10,4
2017-06-21,14 46 61 65 68 13,2
2017-06-17,10 13 32 53 62 21,2
2017-06-14,05 22 43 57 63 24,2
2017-06-07,05 21 57 66 69 13,3
2017-06-03,03 09 21 41 54 25,4
2017-05-31,04 33 39 46 60 06,2
2017-05-27,05 10 28 55 67 09,3
2017-05-24,28 32 33 38 62 15,2
2017-05-20,05 22 45 47 54 03,2
2017-05-17,04 11 39 45 48 09,3
2017-05-13,17 20 32 63 68 19,5
2017-05-10,29 31 46 56 62 08,2
2017-05-06,11 21 31 41 59 21,3
2017-05-03,17 18 49 59 66 09,2
2017-04-29,22 23 24 45 62 05,2
2017-04-26,01 15 18 26 51 26,4
2017-04-22,21 39 41 48 63 06,3
2017-04-19,01 19 37 40 52 15,3
2017-04-15,05 22 26 45 61 13,3
2017-04-12,08 14 61 63 68 24,2
2017-04-08,23 36 51 53 60 15,2
2017-04-05,08 20 46 53 54 13,2
2017-04-01,09 32 36 44 65 01,3
2017-03-29,08 15 31 36 62 11,3
2017-03-25,18 31 32 45 48 16,4
2017-03-22,02 09 27 29 42 09,2
2017-03-18,13 25 44 54 67 05,3
2017-03-15,16 30 41 48 53 16,3
2017-03-11,01 26 41 50 57 11,2
2017-03-08,23 33 42 46 59 04,2
2017-03-04,02 18 19 22 63 19,3
2017-03-01,10 16 40 52 55 17,10
2017-02-25,06 32 47 62 65 19,2
2017-02-22,10 13 28 52 61 02,2
2017-02-18,03 07 09 31 33 20,3
2017-02-15,05 28 33 38 42 19,2
2017-02-11,05 09 17 37 64 02,2
2017-02-08,14 20 42 49 66 05,2
2017-02-04,06 13 16 17 52 25,3
2017-02-01,09 43 57 60 64 10,2
2017-01-28,12 20 39 49 69 17,2
2017-01-25,18 28 62 66 68 22,2
2017-01-21,23 25 45 52 67 02,2
2017-01-18,09 40 41 53 58 12,2
2017-01-14,23 55 59 64 69 13,5
2017-01-11,01 03 13 16 43 24,2
2017-01-07,03 12 24 37 63 10,2
2017-01-04,16 17 29 41 42 04,3
2016-12-31,01 03 28 57 67 09,2
2016-12-28,16 23 30 44 58 04,2
2016-12-24,28 38 42 51 52 21,2
2016-12-21,25 33 40 54 68 03,5
2016-12-17,01 08 16 40 48 10,2
2016-12-14,18 26 37 39 66 15,3
2016-12-10,12 21 32 44 66 15,2
2016-12-07,41 48 49 53 64 20,2
2016-12-03,08 10 26 27 33 22,2
2016-11-30,03 14 18 25 45 07,2
2016-11-26,17 19 21 37 44 16,2
2016-11-23,07 32 41 47 61 03,2
2016-11-19,16 24 28 43 61 21,2
2016-11-16,28 41 61 63 65 07,2
2016-11-12,08 17 20 27 52 24,2
2016-11-09,01 25 28 31 54 02,2
2016-11-05,21 31 50 51 69 08,3
2016-11-02,13 18 37 54 61 05,2
2016-10-29,19 20 21 42 48 23,3
2016-10-26,02 03 16 48 56 24,2
2016-10-22,01 28 33 55 56 22,2
2016-10-19,10 16 38 43 63 23,2
2016-10-15,23 49 57 64 67 20,2
2016-10-12,16 30 34 37 44 16,2
2016-10-08,03 54 61 64 68 09,2
2016-10-05,08 18 27 29 60 15,2
2016-10-01,02 12 50 61 64 01,2
2016-09-28,30 38 52 53 62 01,3
2016-09-24,07 15 20 29 41 22,2
2016-09-21,01 28 63 67 69 17,4
2016-09-17,09 19 51 55 62 14,4
2016-09-14,10 11 23 28 31 14,2
2016-09-10,03 17 49 55 68 08,2
2016-09-07,22 23 29 33 55 21,2
2016-09-03,07 39 50 59 67 25,3
2016-08-31,05 10 24 56 61 12,2
2016-08-27,04 32 48 49 63 20,2
2016-08-24,09 11 25 64 65 16,3
2016-08-20,03 06 21 60 68 24,2
2016-08-17,33 44 49 50 52 08,3
2016-08-13,38 44 60 64 69 06,2
2016-08-10,23 56 61 64 67 12,5
2016-08-06,20 33 36 47 52 12,3
2016-08-03,09 11 27 66 67 02,3
2016-07-30,11 17 21 23 32 05,2
2016-07-27,10 47 50 65 68 24,2
2016-07-23,05 07 23 35 39 11,2
2016-07-20,06 25 35 58 66 05,2
2016-07-16,11 17 40 50 62 26,2
2016-07-13,03 15 29 54 57 10,3
2016-07-09,10 28 32 61 64 12,3
2016-07-06,02 24 31 57 66 18,3
2016-07-02,10 34 39 59 63 04,2
2016-06-29,23 29 37 60 64 06,2
2016-06-25,03 27 36 56 69 25,2
2016-06-22,14 40 42 43 52 17,3
2016-06-18,02 23 41 53 63 11,2
2016-06-15,04 22 24 31 33 10,2
2016-06-11,20 27 36 41 58 07,2
2016-06-08,12 25 37 60 69 20,3
2016-06-04,16 20 22 43 64 17,2
2016-06-01,23 30 33 40 69 12,5
2016-05-28,06 33 34 58 59 12,2
2016-05-25,11 24 41 59 64 15,3
2016-05-21,05 07 09 23 32 26,4
2016-05-18,23 25 39 54 67 11,3
2016-05-14,13 27 47 64 65 09,3
2016-05-11,20 32 52 66 69 23,3
2016-05-07,05 25 26 44 66 09,2
2016-05-04,30 47 57 66 69 03,3
2016-04-30,03 12 16 32 34 14,3
2016-04-27,02 25 33 39 64 17,2
2016-04-23,19 35 46 59 62 13,5
2016-04-20,12 25 30 52 62 08,3
2016-04-16,03 18 25 32 51 03,2
2016-04-13,30 33 35 38 64 22,3
2016-04-09,14 22 23 41 61 09,3
2016-04-06,04 28 49 60 65 25,2
2016-04-02,09 28 30 40 61 03,2
2016-03-30,24 44 53 55 63 19,2
2016-03-26,11 23 42 52 68 06,3
2016-03-23,05 08 15 22 49 25,3
2016-03-19,11 23 43 54 60 03,3
2016-03-16,10 12 13 46 50 21,3
2016-03-12,11 28 50 57 62 23,2
2016-03-09,14 23 32 34 68 03,3
2016-03-05,03 27 34 59 69 19,2
2016-03-02,12 13 44 52 62 06,2
2016-02-27,10 11 21 22 53 18,3
2016-02-24,21 31 64 65 67 05,3
2016-02-20,11 12 15 16 54 25,5
2016-02-17,07 17 27 29 40 25,2
2016-02-13,07 15 18 19 36 20,2
2016-02-10,02 03 40 50 62 05,2
2016-02-06,04 13 31 36 52 08,3
2016-02-03,26 28 31 60 67 23,3
2016-01-30,05 12 16 31 43 18,4
2016-01-27,03 12 40 52 67 21,2
2016-01-23,22 32 34 40 69 19,4
2016-01-20,05 39 44 47 69 24,5
2016-01-16,03 51 52 61 64 06,2
2016-01-13,04 08 19 27 34 10,2
2016-01-09,16 19 32 34 57 13,3
2016-01-06,02 11 47 62 63 17,3
2016-01-02,05 06 15 29 42 10,2
2015-12-30,12 36 38 54 61 22,3
2015-12-26,27 40 44 59 65 20,2
2015-12-23,16 38 55 63 67 25,4
2015-12-19,28 30 41 59 68 10,2
2015-12-16,09 10 32 42 55 06,2
2015-12-12,02 14 19 30 62 22,2
2015-12-09,07 10 16 46 56 01,2
2015-12-05,13 27 33 47 68 13,2
2015-12-02,14 18 19 32 64 09,2
2015-11-28,02 06 47 66 67 02,3
2015-11-25,16 29 53 58 69 21,2
2015-11-21,37 47 50 52 57 21,3
2015-11-18,17 40 41 46 69 06,2
2015-11-14,14 22 37 45 66 05,3
2015-11-11,04 26 32 55 64 18,3
2015-11-07,07 16 25 50 53 15,2
2015-11-04,02 12 17 20 65 17,4
2015-10-31,09 20 25 47 68 07,2
2015-10-28,04 54 56 62 63 10,2
2015-10-24,20 31 56 60 64 02,3
2015-10-21,30 32 42 56 57 11,4
2015-10-17,48 49 57 62 69 19,3
2015-10-14,15 20 29 31 40 01,2
2015-10-10,12 27 29 43 68 01,2
2015-10-07,18 30 40 48 52 09,3
2015-10-03,06 26 33 44 46 04,2
2015-09-30,21 39 40 55 59 17,3
2015-09-26,23 31 42 50 57 05,3
2015-09-23,08 29 41 51 58 05,2
2015-09-19,12 17 26 43 48 24,2
2015-09-16,05 07 24 31 39 07,3
2015-09-12,02 03 13 16 35 27,3
2015-09-09,44 45 47 50 51 08,2
2015-09-05,10 16 18 29 45 19,2
2015-09-02,17 22 30 46 56 16,3
2015-08-29,18 21 25 28 29 16,2
2015-08-26,02 22 32 45 56 12,5
2015-08-22,04 12 14 21 55 07,4
2015-08-19,06 08 43 48 50 07,2
2015-08-15,03 13 17 42 52 24,4
2015-08-12,08 13 29 38 52 28,2
2015-08-08,09 34 48 52 54 15,4
2015-08-05,09 11 14 16 42 19,2
2015-08-01,07 13 24 49 57 15,3
2015-07-29,04 22 27 28 52 35,3
2015-07-25,27 29 34 41 44 02,3
2015-07-22,12 31 43 44 57 11,2
2015-07-18,06 37 39 45 55 33,3
2015-07-15,13 16 34 45 50 11,2
2015-07-11,11 39 46 52 54 03,2
2015-07-08,04 15 25 27 30 18,3
2015-07-04,03 06 14 18 24 21,3
2015-07-01,07 24 26 31 41 25,2
2015-06-27,18 28 35 46 49 27,5
2015-06-24,03 05 10 22 32 07,4
2015-06-20,09 10 16 20 57 15,2
2015-06-17,20 21 22 41 54 07,3
2015-06-13,29 41 48 52 54 29,2
2015-06-10,31 32 48 49 53 25,2
2015-06-06,08 13 18 27 43 15,4
2015-06-03,06 08 13 37 40 11,2
2015-05-30,08 09 25 56 57 22,2
2015-05-27,08 15 34 53 59 23,2
2015-05-23,09 15 17 31 43 16,4
2015-05-20,01 12 28 35 44 25,3
2015-05-16,24 29 38 48 52 32,2
2015-05-13,01 25 29 31 47 07,3
2015-05-09,04 15 17 35 58 17,3
2015-05-06,23 24 27 39 41 30,5
2015-05-02,02 06 11 30 31 33,3
2015-04-29,01 26 34 38 51 06,3
2015-04-25,21 33 35 38 45 12,2
2015-04-22,10 14 25 39 53 18,2
2015-04-18,13 22 23 29 31 17,3
2015-04-15,01 16 21 29 40 30,3
2015-04-11,01 12 32 42 58 12,2
2015-04-08,01 19 45 46 58 29,2
2015-04-04,33 39 40 41 54 28,3
2015-04-01,02 30 33 39 44 01,3
2015-03-28,02 04 06 12 38 17,3
2015-03-25,07 19 23 50 54 14,2
2015-03-21,11 16 30 38 42 07,4
2015-03-18,14 25 30 33 47 08,2
2015-03-14,08 14 39 46 47 18,2
2015-03-11,11 24 31 40 44 27,2
2015-03-07,34 36 38 42 50 33,4
2015-03-04,08 12 15 35 50 32,2
2015-02-28,11 17 25 28 46 12,2
2015-02-25,17 19 21 32 39 08,3
2015-02-21,10 14 18 34 51 26,2
2015-02-18,01 09 29 32 49 22,2
2015-02-14,01 24 44 45 51 28,2
2015-02-11,11 13 25 39 54 19,3
2015-02-07,05 10 21 34 58 33,5
2015-02-04,24 36 51 52 56 22,2
2015-01-31,05 11 16 26 50 34,2
2015-01-28,12 24 35 36 49 01,5
2015-01-24,16 19 20 29 33 10,2
2015-01-21,11 12 15 28 57 23,4
2015-01-17,15 16 23 27 36 09,2
2015-01-14,02 04 10 41 53 22,5
2015-01-10,02 09 19 28 29 19,5
2015-01-07,14 15 47 49 59 10,2
2015-01-03,04 18 43 46 55 25,3
2014-12-31,17 27 37 40 53 35,2
2014-12-27,07 10 11 14 36 15,2
2014-12-24,11 12 46 47 50 22,4
2014-12-20,14 15 19 31 56 05,5
2014-12-17,22 31 38 47 48 15,3
2014-12-13,05 13 28 43 55 33,3
2014-12-10,34 44 48 54 55 10,2
2014-12-06,12 15 22 43 49 14,2
2014-12-03,25 30 32 46 54 26,3
2014-11-29,13 24 30 42 48 27,2
2014-11-26,16 17 22 46 54 35,5
2014-11-22,23 49 53 54 57 35,2
2014-11-19,06 36 38 48 51 17,2
2014-11-15,13 16 33 35 51 28,2
2014-11-12,37 39 51 52 55 11,3
2014-11-08,09 19 33 38 54 15,3
2014-11-05,02 11 19 21 42 34,3
2014-11-01,01 03 13 25 38 17,2
2014-10-29,25 28 48 57 59 16,3
2014-10-25,06 10 51 54 57 12,2
2014-10-22,29 30 40 42 50 16,2
2014-10-18,20 26 27 36 54 19,2
2014-10-15,05 07 19 27 28 20,2
2014-10-11,10 19 37 38 39 28,2
2014-10-08,05 16 31 46 50 18,3
2014-10-04,13 18 24 25 33 31,2
2014-10-01,01 04 18 20 45 07,2
2014-09-27,02 11 35 52 54 13,3
2014-09-24,07 14 21 24 41 26,4
2014-09-20,22 23 30 37 39 16,4
2014-09-17,18 25 36 48 50 23,2
2014-09-13,01 06 16 37 53 27,3
2014-09-10,02 14 39 40 43 13,5
2014-09-06,09 29 31 43 50 18,2
2014-09-03,02 16 43 45 51 35,3
2014-08-30,05 28 31 52 59 27,2
2014-08-27,17 24 26 45 46 19,3
2014-08-23,28 32 35 36 52 31,3
2014-08-20,04 08 21 38 40 03,2
2014-08-16,07 08 17 48 59 09,2
2014-08-13,08 37 39 40 52 24,2
2014-08-09,03 12 31 34 51 24,2
2014-08-06,01 08 24 28 49 24,5
2014-08-02,12 26 44 46 47 29,2
2014-07-30,13 30 42 49 53 29,3
2014-07-26,24 28 30 38 39 16,2
2014-07-23,04 10 12 22 31 03,5
2014-07-19,10 17 25 45 53 09,2
2014-07-16,05 15 18 26 32 35,3
2014-07-12,02 03 07 23 51 26,2
2014-07-09,09 25 42 55 57 14,2
2014-07-05,24 34 36 57 58 11,4
2014-07-02,08 18 45 53 58 35,2
2014-06-25,10 20 25 50 53 35,4
2014-06-21,05 06 37 41 54 26,3
2014-06-18,06 09 29 52 59 07,3
2014-06-14,09 33 42 45 54 30,3
2014-06-11,14 18 25 33 49 23,5
2014-06-07,28 30 35 58 59 15,2
2014-06-04,01 07 10 22 49 24,3
2014-05-31,15 27 31 34 48 01,2
2014-05-28,02 24 28 32 59 25,3
2014-05-24,15 16 28 49 55 18,2
2014-05-21,04 20 34 39 58 31,5
2014-05-17,23 32 39 47 49 22,3
2014-05-14,07 33 39 52 55 33,3
2014-05-10,04 31 41 47 55 01,2
2014-05-07,17 29 31 48 49 34,2
2014-05-03,05 15 16 46 49 26,4
2014-04-30,02 09 11 19 50 32,3
2014-04-26,03 07 22 30 33 20,3
2014-04-23,19 25 29 36 48 12,4
2014-04-19,05 06 29 35 51 21,5
2014-04-16,34 39 42 44 59 08,3
2014-04-12,14 26 45 54 55 20,2
2014-04-09,09 14 44 48 49 29,2
2014-04-05,11 21 26 33 34 29,5
2014-04-02,08 13 19 22 53 24,2
2014-03-29,02 03 12 27 38 17,2
2014-03-26,28 33 41 44 59 21,2
2014-03-22,13 28 31 55 58 15,2
2014-03-19,02 19 23 34 43 14,2
2014-03-15,02 05 34 51 58 09,4
2014-03-12,14 15 28 37 54 10,2
2014-03-08,10 14 24 32 41 30,2
2014-03-05,03 07 09 26 54 19,2
2014-03-01,03 08 25 30 47 13,4
2014-02-26,11 12 17 38 42 02,2
2014-02-22,02 03 13 14 54 04,5
2014-02-19,01 17 35 49 54 34,3
2014-02-15,02 09 14 21 23 03,3
2014-02-12,36 44 49 52 57 01,2
2014-02-08,24 25 34 37 54 29,2
2014-02-05,08 17 32 57 59 24,3
2014-02-01,05 12 15 27 38 07,2
2014-01-29,11 23 28 32 47 20,2
2014-01-25,08 12 18 55 57 02,2
2014-01-22,01 02 07 09 55 29,3
2014-01-18,13 14 19 31 38 25,
2014-01-15,07 08 09 24 29 25,
2014-01-11,10 15 33 48 54 34,
2014-01-08,10 28 39 47 58 22,
2014-01-04,19 20 37 41 58 14,
2014-01-01,15 24 40 48 52 23,
2013-12-28,08 35 44 51 56 18,
2013-12-25,23 28 38 39 56 32,
2013-12-21,25 36 40 45 51 08,
2013-12-18,07 24 37 39 40 01,
2013-12-14,14 25 32 33 41 34,
2013-12-11,01 10 13 18 19 27,
2013-12-07,13 20 32 45 48 17,
2013-12-04,06 09 11 31 44 25,
2013-11-30,05 26 44 45 57 29,
2013-11-27,18 25 50 55 57 17,
2013-11-23,05 12 43 52 55 10,
2013-11-20,04 18 23 32 45 07,
2013-11-16,10 29 37 44 59 10,
2013-11-13,05 31 50 55 56 09,
2013-11-09,03 09 37 49 56 32,
2013-11-06,01 05 10 15 49 22,
2013-11-02,13 23 24 27 40 17,
2013-10-30,02 36 40 49 54 10,
2013-10-26,04 06 34 49 56 29,
2013-10-23,03 23 31 34 47 13,
2013-10-19,09 33 54 56 57 05,
2013-10-16,03 26 28 34 42 28,
2013-10-12,08 10 26 57 58 04,
2013-10-09,03 09 19 33 38 18,
2013-10-05,11 12 17 39 40 05,
2013-10-02,04 06 25 42 51 17,
2013-09-28,14 47 52 53 54 05,
2013-09-25,02 07 17 49 53 23,
2013-09-21,12 17 45 54 58 13,
2013-09-18,07 10 22 32 35 19,
2013-09-14,01 17 25 37 44 20,
2013-09-11,11 19 33 42 52 33,
2013-09-07,02 19 22 26 45 24,
2013-09-04,02 09 26 45 47 11,
2013-08-31,02 07 25 40 56 20,
2013-08-28,06 07 09 19 32 13,
2013-08-24,12 17 25 45 59 19,
2013-08-21,30 40 42 46 48 23,
2013-08-17,18 21 46 54 56 23,
2013-08-14,04 11 17 43 51 20,
2013-08-10,04 12 14 37 58 13,
2013-08-07,05 25 30 58 59 32,
2013-08-03,21 24 36 42 45 15,
2013-07-31,08 24 39 49 59 05,
2013-07-27,09 23 40 53 58 06,
2013-07-24,09 29 40 44 54 07,
2013-07-20,14 25 27 38 58 06,
2013-07-17,01 22 34 38 42 17,
2013-07-13,02 08 22 35 37 06,
2013-07-10,30 31 45 55 59 27,
2013-07-06,02 13 35 36 52 11,
2013-07-03,03 06 29 40 51 04,
2013-06-29,08 28 30 53 56 16,
2013-06-26,01 18 33 39 46 33,
2013-06-22,13 19 23 33 57 28,
2013-06-19,07 46 47 52 57 17,
2013-06-15,28 36 40 48 55 01,
2013-06-12,16 22 23 42 55 32,
2013-06-08,02 11 22 26 32 19,
2013-06-05,04 26 33 36 55 32,
2013-06-01,22 28 33 53 59 14,
2013-05-29,09 14 17 49 57 02,
2013-05-25,02 06 19 21 27 25,
2013-05-22,09 31 35 41 57 26,
2013-05-18,10 13 14 22 52 11,
2013-05-15,02 11 26 34 41 32,
2013-05-11,06 13 19 23 43 16,
2013-05-08,21 22 26 30 57 27,
2013-05-04,07 12 26 36 40 17,
2013-05-01,22 26 31 54 55 18,
2013-04-27,03 23 48 54 55 05,
2013-04-24,09 19 31 56 59 02,
2013-04-20,06 08 30 39 48 20,
2013-04-17,13 18 36 48 58 28,
2013-04-13,10 12 31 56 57 33,
2013-04-10,01 36 40 52 53 20,
2013-04-06,04 07 08 29 39 24,
2013-04-03,01 06 08 12 35 03,
2013-03-30,11 23 26 46 55 27,
2013-03-27,07 37 43 48 52 16,
2013-03-23,17 29 31 52 53 31,
2013-03-20,13 14 17 43 54 15,
2013-03-16,03 07 21 44 53 16,
2013-03-13,05 09 28 32 38 29,
2013-03-09,10 37 40 46 52 12,
2013-03-06,06 10 23 41 45 01,
2013-03-02,03 08 13 41 56 16,
2013-02-27,03 14 20 34 48 21,
2013-02-23,02 05 31 39 41 29,
2013-02-20,03 17 19 25 32 17,
2013-02-16,15 16 46 50 58 29,
2013-02-13,12 23 25 27 43 29,
2013-02-09,05 06 16 36 58 03,
2013-02-06,05 27 36 38 41 12,
2013-02-02,11 16 33 40 41 34,
2013-01-30,14 16 32 47 52 16,
2013-01-26,03 22 26 41 49 18,
2013-01-23,11 12 24 43 45 09,
2013-01-19,08 28 29 34 38 35,
2013-01-16,09 21 28 32 51 35,
2013-01-12,10 14 21 23 47 07,
2013-01-09,11 13 20 27 59 26,
2013-01-05,26 30 49 51 54 25,
2013-01-02,18 20 28 35 53 20,
2012-12-29,36 46 50 52 55 14,
2012-12-26,11 13 23 43 54 04,
2012-12-22,01 18 35 39 44 11,
2012-12-19,05 08 20 23 30 03,
2012-12-15,15 23 40 44 55 14,
2012-12-12,08 10 25 36 44 28,
2012-12-08,07 23 26 40 53 21,
2012-12-05,13 17 19 27 38 12,
2012-12-01,03 10 19 36 46 03,
2012-11-28,05 16 22 23 29 06,
2012-11-24,22 32 37 44 50 34,
2012-11-21,08 18 24 30 39 26,
2012-11-17,03 15 27 58 59 20,
2012-11-14,08 10 30 44 58 13,
2012-11-10,32 42 50 54 55 32,
2012-11-07,32 34 45 52 58 20,
2012-11-03,04 07 09 30 54 25,
2012-10-31,01 27 31 45 48 05,
2012-10-27,22 32 34 36 56 33,
2012-10-24,03 18 21 23 50 04,
2012-10-20,04 21 28 31 44 10,
2012-10-17,01 07 10 23 42 35,
2012-10-13,02 05 25 26 49 18,
2012-10-10,18 26 29 35 43 28,
2012-10-06,15 26 34 36 59 35,
2012-10-03,17 23 36 55 59 10,
2012-09-29,14 18 28 29 57 08,
2012-09-26,13 26 39 41 42 10,
2012-09-22,02 16 18 40 42 33,
2012-09-19,01 05 08 39 50 23,
2012-09-15,03 20 26 43 48 01,
2012-09-12,24 33 36 48 56 06,
2012-09-08,06 20 34 44 48 29,
2012-09-05,04 19 26 42 51 29,
2012-09-01,08 11 21 44 49 22,
2012-08-29,25 28 49 54 56 28,
2012-08-25,01 06 07 20 49 23,
2012-08-22,22 29 31 47 55 19,
2012-08-18,14 26 41 55 59 01,
2012-08-15,06 27 46 51 56 21,
2012-08-11,04 13 39 46 51 01,
2012-08-08,03 07 11 15 28 12,
2012-08-04,19 30 48 53 55 18,
2012-08-01,03 16 48 56 58 04,
2012-07-28,05 06 13 36 50 13,
2012-07-25,03 14 35 38 46 16,
2012-07-21,09 31 38 54 56 20,
2012-07-18,02 05 20 23 57 03,
2012-07-14,04 16 32 37 46 13,
2012-07-11,05 22 36 49 55 23,
2012-07-07,03 05 29 39 59 29,
2012-07-04,14 19 35 39 56 33,
2012-06-30,07 15 20 41 44 22,
2012-06-27,06 34 40 46 58 06,
2012-06-23,01 03 41 44 53 30,
2012-06-20,11 17 29 56 57 14,
2012-06-16,08 14 15 16 27 26,
2012-06-13,07 10 14 33 57 18,
2012-06-09,18 22 45 56 57 27,
2012-06-06,19 30 33 48 59 27,
2012-06-02,09 10 17 29 45 33,
2012-05-30,09 10 24 52 56 14,
2012-05-26,13 14 41 49 59 14,
2012-05-23,04 07 26 53 59 32,
2012-05-19,08 13 35 46 51 30,
2012-05-16,03 07 21 28 43 02,
2012-05-12,10 24 35 53 58 22,
2012-05-09,01 07 11 55 56 01,
2012-05-05,09 12 20 44 59 23,
2012-05-02,07 08 33 38 50 29,
2012-04-28,31 39 40 57 58 33,
2012-04-25,04 25 29 34 43 29,
2012-04-21,06 08 20 42 51 16,
2012-04-18,20 22 39 46 49 29,
2012-04-14,14 15 16 19 24 02,
2012-04-11,16 23 42 44 47 02,
2012-04-07,05 13 17 20 30 18,
2012-04-04,01 24 33 45 49 06,
2012-03-31,05 14 36 54 58 27,
2012-03-28,11 16 29 50 58 33,
2012-03-24,01 15 35 37 47 08,
2012-03-21,32 43 53 55 56 06,
2012-03-17,11 14 49 55 58 30,
2012-03-14,01 08 41 46 59 24,
2012-03-10,05 14 17 20 41 05,
2012-03-07,12 35 45 46 47 12,
2012-03-03,29 30 45 47 49 35,
2012-02-29,01 04 11 23 26 14,
2012-02-25,06 11 42 53 54 07,
2012-02-22,07 16 17 39 51 32,
2012-02-18,23 28 50 56 59 05,
2012-02-15,11 12 32 52 56 11,
2012-02-11,01 10 37 52 57 11,
2012-02-08,17 28 38 39 51 33,
2012-02-04,15 23 43 45 56 07,
2012-02-01,08 13 17 34 59 35,
2012-01-28,05 33 41 54 59 13,
2012-01-25,04 19 28 29 47 05,
2012-01-21,12 24 43 44 45 07,
2012-01-18,06 29 34 44 50 28,
2012-01-14,10 30 36 38 41 01,5
2012-01-11,05 19 29 45 47 25,2
2012-01-07,03 21 24 38 39 24,5
2012-01-04,21 35 46 47 50 02,4
2011-12-31,05 23 25 28 40 34,4
2011-12-28,16 21 27 41 45 14,2
2011-12-24,14 16 30 51 52 19,2
2011-12-21,10 13 15 31 54 18,5
2011-12-17,13 28 49 51 59 33,4
2011-12-14,02 24 46 52 56 19,5
2011-12-10,04 19 33 41 59 09,5
2011-12-07,03 14 20 39 40 37,2
2011-12-03,05 18 33 43 45 08,3
2011-11-30,02 06 34 35 47 22,2
2011-11-26,20 37 39 45 55 28,2
2011-11-23,04 30 35 57 59 25,2
2011-11-19,09 16 17 28 30 11,3
2011-11-16,13 22 25 39 51 28,2
2011-11-12,04 35 36 51 56 08,5
2011-11-09,05 35 57 58 59 12,3
2011-11-05,02 33 39 40 43 26,3
2011-11-02,12 14 34 39 46 36,4
2011-10-29,11 16 40 51 56 38,5
2011-10-26,01 18 21 39 55 06,3
2011-10-22,03 08 23 30 58 13,4
2011-10-19,16 26 35 52 58 02,5
2011-10-15,05 10 24 38 43 01,4
2011-10-12,10 12 23 43 47 18,3
2011-10-08,03 27 35 37 45 31,5
2011-10-05,07 20 43 46 54 17,4
2011-10-01,01 12 23 27 43 31,3
2011-09-28,30 41 50 51 53 08,2
2011-09-24,03 04 12 27 44 26,5
2011-09-21,12 47 48 52 55 13,4
2011-09-17,06 20 22 32 43 11,2
2011-09-14,16 41 42 50 59 05,3
2011-09-10,04 19 22 32 53 24,4
2011-09-07,03 05 18 27 54 13,4
2011-09-03,15 25 52 53 54 02,5
2011-08-31,13 19 35 47 57 29,5
2011-08-27,02 12 25 54 58 14,3
2011-08-24,09 13 47 49 53 39,5
2011-08-20,02 17 23 28 47 36,2
2011-08-17,18 28 31 48 52 37,4
2011-08-13,09 12 35 50 58 04,2
2011-08-10,11 18 36 41 46 38,4
2011-08-06,25 30 54 57 59 06,3
2011-08-03,13 19 21 28 49 11,2
2011-07-30,20 40 41 47 55 19,2
2011-07-27,38 40 41 51 59 33,2
2011-07-23,01 07 27 38 48 30,3
2011-07-20,01 04 38 40 42 17,4
2011-07-16,24 28 48 50 54 25,3
2011-07-13,08 18 19 32 54 08,4
2011-07-09,01 09 11 23 31 06,3
2011-07-06,11 15 24 50 55 08,2
2011-07-02,01 11 18 29 51 32,3
2011-06-29,24 30 45 57 59 26,3
2011-06-25,18 36 39 41 57 12,4
2011-06-22,12 15 19 46 59 12,4
2011-06-18,12 21 22 38 41 18,2
2011-06-15,19 20 38 41 43 29,4
2011-06-11,16 18 27 36 50 08,3
2011-06-08,14 37 44 45 53 29,5
2011-06-04,17 19 39 41 58 21,5
2011-06-01,08 18 38 46 56 31,4
2011-05-28,12 20 43 51 55 11,4
2011-05-25,04 23 31 42 50 23,2
2011-05-21,02 08 40 49 50 36,3
2011-05-18,07 12 13 42 49 16,4
2011-05-14,08 17 18 40 44 16,2
2011-05-11,09 17 32 43 45 31,3
2011-05-07,02 11 27 47 55 15,4
2011-05-04,03 15 27 29 41 24,4
2011-04-30,06 13 15 32 41 03,2
2011-04-27,04 24 40 44 55 05,2
2011-04-23,03 11 47 48 58 19,3
2011-04-20,09 24 34 36 43 27,3
2011-04-16,21 33 44 45 55 07,5
2011-04-13,04 23 39 49 50 39,3
2011-04-09,05 14 32 53 56 11,4
2011-04-06,10 18 41 55 56 15,2
2011-04-02,06 22 34 43 45 23,2
2011-03-30,19 20 42 56 58 37,4
2011-03-26,04 10 11 19 33 27,4
2011-03-23,05 15 26 28 32 09,2
2011-03-19,03 11 20 27 46 08,2
2011-03-16,28 39 40 48 53 09,3
2011-03-12,01 04 12 41 47 03,4
2011-03-09,12 20 28 40 48 08,2
2011-03-05,02 23 31 42 48 21,2
2011-03-02,07 31 50 51 58 06,2
2011-02-26,04 13 17 21 45 10,5
2011-02-23,29 32 36 39 49 29,3
2011-02-19,03 12 34 37 42 36,5
2011-02-16,09 13 21 23 48 24,2
2011-02-12,11 32 36 48 52 19,4
2011-02-09,07 11 39 42 51 30,4
2011-02-05,15 37 41 56 59 05,5
2011-02-02,03 14 33 53 57 36,4
2011-01-29,24 28 45 49 52 02,4
2011-01-26,04 05 36 47 58 06,3
2011-01-22,30 31 34 45 51 23,2
2011-01-19,22 36 51 56 59 32,3
2011-01-15,09 13 22 23 37 31,3
2011-01-12,19 21 23 40 48 27,4
2011-01-08,06 07 26 33 52 24,2
2011-01-05,22 26 32 38 40 07,5
2011-01-01,18 22 37 47 54 36,2
2010-12-29,03 16 18 20 37 30,2
2010-12-25,01 17 38 50 52 24,2
2010-12-22,11 33 44 46 47 12,2
2010-12-18,04 11 19 33 43 14,4
2010-12-15,10 11 18 32 45 18,5
2010-12-11,01 08 10 19 20 23,2
2010-12-08,08 11 25 41 58 16,4
2010-12-04,13 24 27 31 42 22,5
2010-12-01,05 10 11 12 20 02,3
2010-11-27,10 30 37 47 54 39,5
2010-11-24,08 20 21 32 37 04,3
2010-11-20,10 12 38 53 57 01,5
2010-11-17,14 16 53 54 59 05,3
2010-11-13,17 30 48 51 54 29,5
2010-11-10,05 08 11 40 44 10,4
2010-11-06,07 12 23 34 38 33,4
2010-11-03,34 38 39 45 50 33,2
2010-10-30,01 07 27 36 49 39,5
2010-10-27,20 24 25 53 59 15,5
2010-10-23,02 07 16 20 46 34,4
2010-10-20,07 17 20 39 59 17,3
2010-10-16,11 12 15 16 28 11,2
2010-10-13,12 22 32 34 46 02,4
2010-10-09,02 06 32 42 49 35,3
2010-10-06,14 26 37 41 46 24,5
2010-10-02,12 20 30 36 47 25,4
2010-09-29,13 44 51 52 55 30,4
2010-09-25,08 16 27 35 42 30,2
2010-09-22,10 24 36 52 55 15,5
2010-09-18,01 18 37 39 44 13,4
2010-09-15,07 20 21 34 43 34,5
2010-09-11,07 17 20 36 59 33,4
2010-09-08,10 35 39 51 57 20,5
2010-09-04,11 14 22 33 42 38,2
2010-09-01,17 20 21 40 51 19,3
2010-08-28,04 22 27 32 56 13,4
2010-08-25,16 17 29 31 36 23,3
2010-08-21,07 10 12 22 27 26,2
2010-08-18,04 32 33 47 55 39,3
2010-08-14,09 33 36 50 58 31,2
2010-08-11,07 10 22 23 52 29,2
2010-08-07,04 22 26 31 52 30,5
2010-08-04,19 28 30 37 53 36,4
2010-07-31,01 16 17 41 57 15,3
2010-07-28,01 11 20 25 27 02,5
2010-07-24,20 30 38 46 59 27,2
2010-07-21,16 22 30 51 58 25,3
2010-07-17,22 27 35 37 45 03,4
2010-07-14,20 21 23 38 42 06,3
2010-07-10,20 21 27 28 56 04,4
2010-07-07,10 41 44 48 56 04,2
2010-07-03,03 10 14 52 53 03,3
2010-06-30,06 38 43 47 48 27,5
2010-06-26,13 30 32 38 57 25,4
2010-06-23,11 30 45 47 48 10,3
2010-06-19,09 30 31 50 54 39,3
2010-06-16,08 11 18 29 36 06,5
2010-06-12,09 12 13 35 38 30,10
2010-06-09,14 22 27 32 49 05,4
2010-06-05,18 34 40 48 59 25,4
2010-06-02,04 09 14 39 43 38,4
2010-05-29,01 03 24 28 41 10,4
2010-05-26,01 06 10 13 20 32,4
2010-05-22,19 20 40 47 57 29,2
2010-05-19,02 07 29 55 58 27,3
2010-05-15,15 21 23 28 36 20,2
2010-05-12,37 51 52 53 58 38,2
2010-05-08,05 22 34 41 57 31,5
2010-05-05,13 34 40 47 57 11,4
2010-05-01,16 23 25 49 58 20,4
2010-04-28,12 22 25 28 44 24,4
2010-04-24,01 12 53 56 57 05,2
2010-04-21,11 34 41 49 55 20,2
2010-04-17,05 21 22 41 49 15,5
2010-04-14,06 14 32 38 52 20,3
2010-04-10,21 22 49 52 58 34,2
2010-04-07,04 36 40 44 52 33,2
2010-04-03,10 15 31 52 59 04,4
2010-03-31,05 13 17 45 54 12,5
2010-03-27,07 21 32 44 52 10,4
2010-03-24,14 20 24 39 49 07,3
2010-03-20,09 36 39 44 45 09,2
2010-03-17,24 26 45 48 55 08,2
2010-03-13,06 16 20 31 36 08,5
2010-03-10,17 21 37 41 50 01,2
2010-03-06,10 29 33 41 59 15,2
2010-03-03,07 09 14 45 49 23,4
2010-02-27,18 47 51 53 58 30,2
2010-02-24,04 17 35 50 57 12,2
2010-02-20,13 27 37 41 54 32,2
2010-02-17,07 08 19 26 36 15,3
2010-02-13,10 14 30 40 51 01,4
2010-02-10,05 08 29 37 38 34,5
2010-02-06,14 22 52 54 59 04,3
2010-02-03,17 22 36 37 52 24,2
2010-01-30,26 35 48 47 06 21,3
2010-01-27,15 26 31 06 20 09,5
2010-01-23,53 16 15 42 20 17,2
2010-01-20,46 15 43 44 32 19,4
2010-01-16,41 08 07 55 23 23,5
2010-01-13,32 15 08 11 50 27,3
2010-01-09,41 44 20 54 50 22,2
2010-01-06,56 27 29 20 58 31,2
2010-01-02,23 03 07 42 27 37,3
2009-12-30,05 52 14 38 39 06,3
2009-12-26,53 41 36 32 37 30,3
2009-12-23,52 08 49 51 32 23,4
2009-12-19,24 41 17 47 39 21,3
2009-12-16,23 43 25 35 13 15,5
2009-12-12,14 41 12 13 35 29,2
2009-12-09,58 12 05 01 13 21,5
2009-12-05,41 58 27 39 44 17,3
2009-12-02,37 46 14 34 55 37,4
2009-11-28,46 50 27 28 26 21,3
2009-11-25,18 13 04 59 49 05,2
2009-11-21,26 36 07 49 58 04,5
2009-11-18,58 59 32 50 42 31,4
2009-11-14,57 30 19 48 32 14,5
2009-11-11,12 08 22 29 14 22,2
2009-11-07,32 37 46 50 07 26,5
2009-11-04,51 10 45 11 14 17,3
2009-10-31,19 26 54 41 02 23,5
2009-10-28,51 46 26 03 11 23,5
2009-10-24,38 22 59 49 14 16,2
2009-10-21,34 51 45 06 16 04,2
2009-10-17,16 05 49 30 25 39,5
2009-10-14,15 30 05 40 25 06,2
2009-10-10,45 49 50 13 32 30,3
2009-10-07,02 50 38 21 20 22,3
2009-10-03,50 57 24 12 48 22,3
2009-09-30,52 54 41 42 57 30,3
2009-09-26,34 20 36 39 18 19,3
2009-09-23,07 08 29 20 25 11,5
2009-09-19,25 24 49 30 05 23,3
2009-09-16,17 56 37 40 51 25,2
2009-09-12,13 28 56 41 38 25,2
2009-09-09,16 18 51 53 04 23,4
2009-09-05,35 27 16 09 57 29,3
2009-09-02,23 47 36 18 59 36,4
2009-08-29,01 53 20 37 52 33,3
2009-08-26,43 23 01 21 30 11,3
2009-08-22,06 51 03 20 32 23,5
2009-08-19,43 14 31 51 24 27,5
2009-08-15,14 26 32 15 36 12,5
2009-08-12,32 10 25 47 34 05,3
2009-08-08,45 37 50 33 04 11,4
2009-08-05,34 25 41 49 46 29,3
2009-08-01,53 37 46 39 05 08,4
2009-07-29,38 02 43 05 59 08,2
2009-07-25,33 05 52 46 17 09,5
2009-07-22,06 22 04 16 32 11,2
2009-07-18,21 26 47 04 28 37,4
2009-07-15,26 50 57 52 51 37,5
2009-07-11,39 01 04 42 20 02,5
2009-07-08,50 56 42 53 19 39,2
2009-07-04,22 04 41 44 09 14,3
2009-07-01,38 53 09 52 32 15,2
2009-06-27,48 39 26 18 22 17,4
2009-06-24,53 24 51 16 18 16,5
2009-06-20,28 22 03 11 18 33,2
2009-06-17,53 09 37 05 42 27,5
2009-06-13,20 41 13 35 16 06,4
2009-06-10,26 42 58 27 15 37,2
2009-06-06,45 10 23 30 18 02,3
2009-06-03,22 20 32 16 37 09,2
2009-05-30,51 42 01 59 23 20,5
2009-05-27,05 16 06 21 12 07,3
2009-05-23,52 19 57 34 23 21,5
2009-05-20,23 30 42 35 31 06,2
2009-05-16,06 07 40 56 31 38,2
2009-05-13,30 40 37 32 19 37,3
2009-05-09,49 32 04 15 58 21,3
2009-05-06,12 07 22 31 08 18,5
2009-05-02,45 20 38 42 03 27,3
2009-04-29,06 36 50 19 59 13,5
2009-04-25,52 42 30 08 26 15,5
2009-04-22,30 15 48 22 37 12,2
2009-04-18,07 28 44 43 15 20,3
2009-04-15,59 22 26 16 27 05,2
2009-04-11,46 49 07 35 28 20,4
2009-04-08,52 56 01 06 48 09,5
2009-04-04,21 57 58 14 50 07,3
2009-04-01,02 33 41 54 09 14,3
2009-03-28,48 02 16 41 03 19,3
2009-03-25,23 47 10 20 54 26,2
2009-03-21,49 27 23 52 19 21,4
2009-03-18,16 29 26 45 41 01,2
2009-03-14,07 44 33 30 51 10,2
2009-03-11,13 07 47 03 34 30,5
2009-03-07,59 27 56 28 21 21,2
2009-03-04,06 01 44 55 49 36,2
2009-02-28,03 58 16 20 42 07,5
2009-02-25,32 49 42 56 17 11,4
2009-02-21,31 46 13 45 41 21,4
2009-02-18,44 15 56 39 02 15,3
2009-02-14,33 08 45 09 02 05,5
2009-02-11,05 22 45 49 10 37,2
2009-02-07,18 53 05 28 20 27,2
2009-02-04,24 44 30 32 07 18,4
2009-01-31,33 26 14 41 01 37,4
2009-01-28,10 32 18 05 23 04,4
2009-01-24,06 37 42 20 25 25,2
2009-01-21,26 20 54 46 38 23,4
2009-01-17,09 05 59 23 02 26,2
2009-01-14,46 34 25 08 39 34,5
2009-01-10,08 56 10 18 43 09,3
2009-01-07,31 52 23 33 38 24,5
2009-01-03,38 22 55 24 17 24,3
2008-12-31,11 53 08 07 17 36,5
2008-12-27,12 43 15 31 26 10,5
2008-12-24,17 02 32 22 41 08,5
2008-12-20,03 19 32 54 14 24,5
2008-12-17,11 07 30 24 18 26,4
2008-12-13,40 14 28 26 31 13,2
2008-12-10,37 06 41 24 15 37,4
2008-12-06,53 09 39 43 35 10,5
2008-12-03,17 21 25 16 55 03,5
2008-11-29,05 55 33 39 36 21,4
2008-11-26,11 31 52 26 34 14,2
2008-11-22,19 32 26 45 17 14,4
2008-11-19,08 45 13 39 38 31,4
2008-11-15,07 44 08 12 03 37,2
2008-11-12,18 45 25 01 29 02,2
2008-11-08,40 36 04 21 02 41,2
2008-11-05,18 33 36 04 08 32,2
2008-11-01,40 04 41 06 26 15,4
2008-10-29,37 50 20 30 52 33,2
2008-10-25,48 01 03 38 14 02,2
2008-10-22,17 52 10 33 51 05,3
2008-10-18,40 10 14 32 49 15,4
2008-10-15,03 13 38 32 48 13,4
2008-10-11,39 03 17 47 07 09,4
2008-10-08,48 12 54 17 02 02,4
2008-10-04,39 04 32 01 26 18,5
2008-10-01,43 39 08 09 55 26,2
2008-09-27,40 24 13 29 52 29,4
2008-09-24,32 36 13 21 05 33,5
2008-09-20,47 30 40 28 06 24,5
2008-09-17,12 26 32 23 44 20,3
2008-09-13,29 17 07 51 43 38,2
2008-09-10,37 28 15 53 14 18,2
2008-09-06,26 54 49 25 17 11,4
2008-09-03,49 38 40 46 50 34,2
2008-08-30,14 32 47 02 15 36,3
2008-08-27,13 49 31 48 36 11,2
2008-08-23,47 33 18 48 24 23,3
2008-08-20,15 24 47 35 16 26,2
2008-08-16,05 43 34 52 40 20,5
2008-08-13,31 10 05 23 19 26,4
2008-08-09,53 40 32 49 43 21,5
2008-08-06,24 37 05 36 51 19,4
2008-08-02,05 28 33 02 54 30,5
2008-07-30,25 55 03 51 45 13,3
2008-07-26,51 55 21 12 13 18,4
2008-07-23,52 11 14 35 41 02,4
2008-07-19,55 46 53 06 28 02,3
2008-07-16,03 23 15 42 29 17,4
2008-07-12,20 50 12 02 22 17,2
2008-07-09,05 31 07 49 53 14,4
2008-07-05,24 47 34 01 48 18,5
2008-07-02,46 33 52 48 04 17,5
2008-06-28,26 32 14 34 44 06,3
2008-06-25,53 45 14 21 25 09,2
2008-06-21,08 07 50 31 09 31,2
2008-06-18,52 09 31 39 12 32,4
2008-06-14,50 31 09 20 11 14,4
2008-06-11,07 49 18 28 21 01,5
2008-06-07,26 44 34 12 48 09,2
2008-06-04,18 05 52 40 20 03,3
2008-05-31,09 17 03 14 25 08,4
2008-05-28,18 45 22 10 37 09,2
2008-05-24,40 33 51 52 41 06,2
2008-05-21,21 33 42 07 16 25,4
2008-05-17,12 21 14 15 43 30,3
2008-05-14,46 29 21 32 19 32,2
2008-05-10,30 07 18 45 41 06,2
2008-05-07,42 26 25 28 09 26,2
2008-05-03,28 02 36 46 42 40,3
2008-04-30,25 51 43 17 01 38,3
2008-04-26,27 45 07 12 17 24,5
2008-04-23,22 39 21 20 11 01,10
2008-04-19,24 13 19 39 33 08,3
2008-04-16,21 18 11 16 51 16,10
2008-04-12,52 11 55 48 29 36,4
2008-04-09,46 13 32 03 19 18,4
2008-04-05,30 47 27 12 37 26,5
2008-04-02,37 01 55 44 34 33,4
2008-03-29,18 36 31 25 20 07,5
2008-03-26,20 37 49 09 12 17,2
2008-03-22,48 46 28 25 07 19,3
2008-03-19,29 06 08 49 41 42,4
2008-03-15,06 42 43 47 22 16,2
2008-03-12,30 12 34 19 36 08,4
2008-03-08,29 49 17 34 31 16,2
2008-03-05,10 15 23 16 31 05,3
2008-03-01,31 21 19 02 55 19,4
2008-02-27,37 48 53 20 24 11,5
2008-02-23,23 29 08 13 47 32,3
2008-02-20,20 09 36 22 12 31,3
2008-02-16,03 49 04 20 08 18,3
2008-02-13,32 13 38 51 19 30,3
2008-02-09,24 04 23 43 30 28,5
2008-02-06,03 43 05 42 12 05,5
2008-02-02,14 44 25 26 16 30,3
2008-01-30,55 02 17 41 54 17,2
2008-01-26,39 53 35 11 54 24,2
2008-01-23,48 47 35 04 16 39,3
2008-01-19,28 20 23 25 27 02,5
2008-01-16,09 18 47 38 19 11,5
2008-01-12,47 53 43 23 39 14,3
2008-01-09,02 20 13 23 21 24,3
2008-01-05,33 11 16 04 40 09,4
2008-01-02,31 34 48 11 02 05,4
2007-12-29,08 12 49 17 35 18,4
2007-12-26,55 32 08 54 41 20,3
2007-12-22,34 10 38 05 11 21,4
2007-12-19,22 15 42 18 23 37,3
2007-12-15,47 22 37 48 50 17,3
2007-12-12,07 40 55 33 14 15,5
2007-12-08,31 08 29 25 04 41,3
2007-12-05,08 55 21 15 01 41,3
2007-12-01,41 32 39 55 07 13,2
2007-11-28,23 39 08 32 37 38,3
2007-11-24,07 01 23 35 13 19,5
2007-11-21,13 11 20 03 40 20,2
2007-11-17,53 52 49 27 17 23,3
2007-11-14,16 30 20 18 48 06,2
2007-11-10,06 26 30 24 22 12,4
2007-11-07,46 22 35 52 29 02,5
2007-11-03,01 38 40 53 31 42,2
2007-10-31,29 18 06 37 16 24,2
2007-10-27,13 25 30 40 43 12,4
2007-10-24,10 52 11 49 18 02,4
2007-10-20,40 10 11 37 54 10,3
2007-10-17,46 15 42 19 14 37,4
2007-10-13,21 34 36 30 49 42,3
2007-10-10,31 54 33 16 12 05,4
2007-10-06,33 32 51 08 30 02,3
2007-10-03,02 04 15 28 14 23,4
2007-09-29,38 55 33 31 49 39,3
2007-09-26,27 54 25 31 44 08,2
2007-09-22,04 09 18 55 43 03,3
2007-09-19,26 25 20 46 45 15,3
2007-09-15,51 48 16 13 27 21,5
2007-09-12,47 05 24 26 33 01,4
2007-09-08,12 30 07 48 28 40,2
2007-09-05,48 30 21 20 11 18,2
2007-09-01,19 39 23 37 12 13,4
2007-08-29,33 47 13 16 44 29,3
2007-08-25,23 29 35 08 02 19,3
2007-08-22,12 37 48 40 50 37,4
2007-08-18,15 12 31 28 50 12,5
2007-08-15,19 51 24 22 38 09,2
2007-08-11,37 01 11 10 40 20,4
2007-08-08,52 21 09 16 30 09,2
2007-08-04,27 24 02 36 23 03,2
2007-08-01,16 52 09 23 51 12,5
2007-07-28,19 24 47 27 15 11,5
2007-07-25,28 35 47 40 53 30,5
2007-07-21,46 39 30 14 43 14,4
2007-07-18,09 42 14 40 03 03,4
2007-07-14,01 36 30 34 21 37,5
2007-07-11,43 42 20 29 08 35,5
2007-07-07,47 21 41 15 27 20,3
2007-07-04,17 49 15 01 02 35,5
2007-06-30,38 39 47 24 46 26,3
2007-06-27,09 13 11 24 43 18,4
2007-06-23,27 43 14 15 53 28,4
2007-06-20,32 31 55 37 23 35,3
2007-06-16,08 47 04 51 32 27,5
2007-06-13,47 28 13 30 10 26,3
2007-06-09,10 07 32 25 41 22,2
2007-06-06,45 14 48 05 09 28,4
2007-06-02,02 36 22 32 47 36,5
2007-05-30,55 07 54 23 35 28,2
2007-05-26,21 05 46 01 51 29,4
2007-05-23,38 24 03 11 36 06,4
2007-05-19,26 19 45 21 03 02,2
2007-05-16,42 07 16 06 34 23,2
2007-05-12,30 51 53 44 46 25,3
2007-05-09,44 02 52 30 13 40,4
2007-05-05,29 21 13 40 50 06,2
2007-05-02,40 01 08 47 35 09,3
2007-04-28,16 43 46 49 22 10,4
2007-04-25,14 12 13 17 53 11,4
2007-04-21,45 26 28 22 33 17,4
2007-04-18,13 10 24 12 06 19,3
2007-04-14,12 49 21 36 38 18,10
2007-04-11,42 51 06 38 15 18,2
2007-04-07,28 55 54 02 31 23,4
2007-04-04,39 19 53 30 40 16,5
2007-03-31,36 05 02 16 40 36,2
2007-03-28,47 06 35 20 37 01,2
2007-03-24,53 38 40 10 48 03,5
2007-03-21,53 38 24 54 16 05,5
2007-03-17,17 47 44 07 54 03,3
2007-03-14,44 04 27 30 39 18,2
2007-03-10,42 18 43 34 14 32,5
2007-03-07,18 16 46 19 13 36,5
2007-03-03,16 22 05 01 48 06,3
2007-02-28,41 20 13 42 53 02,3
2007-02-24,42 55 38 54 36 24,3
2007-02-21,08 02 29 22 37 03,3
2007-02-17,35 01 15 37 45 32,3
2007-02-14,03 30 26 54 55 15,3
2007-02-10,41 11 16 42 02 16,3
2007-02-07,22 04 28 37 52 10,3
2007-02-03,13 20 33 42 12 37,5
2007-01-31,48 42 02 25 15 14,4
2007-01-27,10 26 19 32 27 14,5
2007-01-24,53 29 09 42 19 17,3
2007-01-20,01 38 05 26 32 30,5
2007-01-17,52 35 16 49 50 31,2
2007-01-13,21 01 26 23 25 04,2
2007-01-10,45 54 42 53 36 36,2
2007-01-06,24 40 01 50 49 38,4
2007-01-03,12 55 24 35 10 31,3
2006-12-30,31 28 23 09 36 26,5
2006-12-27,14 29 16 27 41 29,3
2006-12-23,27 43 53 08 52 05,5
2006-12-20,06 26 14 01 34 34,5
2006-12-16,28 17 36 05 51 05,4
2006-12-13,33 32 19 54 42 15,3
2006-12-09,52 22 19 34 30 40,4
2006-12-06,38 36 35 07 34 14,4
2006-12-02,42 34 50 45 17 11,3
2006-11-29,02 09 12 08 19 25,3
2006-11-25,55 49 28 05 18 38,5
2006-11-22,22 49 32 36 55 08,5
2006-11-18,42 36 19 01 08 20,2
2006-11-15,11 28 43 30 34 29,3
2006-11-11,40 49 38 35 55 41,2
2006-11-08,12 53 08 11 26 04,4
2006-11-04,44 13 34 12 39 05,5
2006-11-01,46 54 13 07 08 35,2
2006-10-28,38 22 41 30 14 12,5
2006-10-25,16 40 43 48 42 01,5
2006-10-21,45 55 29 09 31 07,4
2006-10-18,41 02 24 34 48 24,3
2006-10-14,26 15 01 17 40 19,2
2006-10-11,38 10 35 05 12 09,4
2006-10-07,04 31 45 03 08 12,5
2006-10-04,39 27 07 03 40 08,5
2006-09-30,30 32 15 39 06 05,5
2006-09-27,49 23 33 35 28 16,3
2006-09-23,21 45 26 13 50 20,4
2006-09-20,54 08 07 29 17 26,2
2006-09-16,26 42 27 07 08 12,5
2006-09-13,15 47 19 45 26 03,4
2006-09-09,20 47 03 22 19 02,2
2006-09-06,27 35 21 55 02 01,4
2006-09-02,24 28 03 49 08 25,4
2006-08-30,35 03 19 43 33 01,4
2006-08-26,26 24 42 38 46 16,5
2006-08-23,17 08 51 24 38 31,5
2006-08-19,12 51 29 22 26 09,3
2006-08-16,22 02 13 50 48 02,4
2006-08-12,14 54 27 18 13 32,5
2006-08-09,52 19 43 41 16 35,2
2006-08-05,48 50 03 09 02 23,2
2006-08-02,24 19 10 16 13 15,4
2006-07-29,14 39 55 19 26 29,4
2006-07-26,10 05 24 17 43 31,4
2006-07-22,40 47 14 55 54 06,4
2006-07-19,44 50 02 38 32 21,4
2006-07-15,36 20 47 50 35 05,4
2006-07-12,31 33 30 18 19 15,5
2006-07-08,50 44 49 32 37 13,4
2006-07-05,26 52 39 41 53 20,2
2006-07-01,40 35 42 02 31 34,3
2006-06-28,45 51 08 16 02 32,5
2006-06-24,39 08 47 11 30 23,3
2006-06-21,11 19 22 43 45 34,3
2006-06-17,39 48 20 22 10 25,4
2006-06-14,04 40 14 48 15 12,3
2006-06-10,36 54 24 26 16 11,3
2006-06-07,20 10 04 26 40 08,5
2006-06-03,20 05 18 50 06 35,5
2006-05-31,49 22 20 43 10 03,5
2006-05-27,41 06 27 23 47 19,3
2006-05-24,03 12 47 51 02 10,3
2006-05-20,23 02 09 44 45 38,2
2006-05-17,15 26 24 35 17 38,4
2006-05-13,30 54 19 47 28 13,3
2006-05-10,04 03 11 44 37 24,3
2006-05-06,38 12 32 23 25 27,2
2006-05-03,38 19 06 42 04 37,2
2006-04-29,19 40 35 30 41 14,5
2006-04-26,55 26 48 24 12 14,4
2006-04-22,04 06 27 05 18 24,5
2006-04-19,32 53 34 05 28 10,4
2006-04-15,46 23 13 28 18 33,3
2006-04-12,34 41 26 35 16 24,4
2006-04-08,35 04 43 44 23 35,3
2006-04-05,29 39 09 24 03 42,2
2006-04-01,55 10 50 01 23 29,3
2006-03-29,24 28 54 02 14 13,2
2006-03-25,20 37 34 45 39 32,4
2006-03-22,45 38 23 22 18 31,2
2006-03-18,25 01 36 42 34 19,2
2006-03-15,36 48 54 07 12 37,5
2006-03-11,54 37 35 52 16 33,10
2006-03-08,05 07 21 01 43 20,5
2006-03-04,13 52 22 55 27 26,5
2006-03-01,25 10 35 41 38 23,5
2006-02-25,51 03 48 46 37 22,4
2006-02-22,47 53 23 55 09 39,2
2006-02-18,44 48 15 43 17 29,4
2006-02-15,39 35 03 13 40 37,5
2006-02-11,38 07 51 40 52 14,4
2006-02-08,48 32 25 14 54 10,5
2006-02-04,38 30 04 13 12 30,4
2006-02-01,13 30 55 11 35 37,4
2006-01-28,26 15 28 36 14 36,3
2006-01-25,52 37 50 43 10 14,5
2006-01-21,54 18 03 39 43 41,3
2006-01-18,53 38 15 29 52 07,2
2006-01-14,49 14 06 46 40 17,5
2006-01-11,18 14 03 17 06 14,2
2006-01-07,02 21 43 32 16 06,4
2006-01-04,23 10 48 54 42 03,4
2005-12-31,43 04 46 30 37 42,2
2005-12-28,12 46 15 54 30 01,3
2005-12-24,04 10 34 50 33 14,2
2005-12-21,23 43 12 16 09 37,3
2005-12-17,24 44 53 36 46 18,5
2005-12-14,45 15 08 16 51 11,5
2005-12-10,45 34 42 03 21 39,4
2005-12-07,45 30 54 41 19 14,5
2005-12-03,02 26 42 15 37 36,3
2005-11-30,42 23 19 27 52 01,5
2005-11-26,34 28 53 37 45 32,5
2005-11-23,24 25 09 27 12 33,4
2005-11-19,15 54 20 41 08 22,3
2005-11-16,05 20 44 21 18 27,3
2005-11-12,48 41 17 55 37 39,4
2005-11-09,05 49 14 13 31 30,2
2005-11-05,37 25 50 29 07 17,4
2005-11-02,41 14 06 11 27 38,5
2005-10-29,41 50 22 19 14 21,4
2005-10-26,43 39 02 42 10 23,3
2005-10-22,36 06 53 51 07 17,5
2005-10-19,49 21 44 07 43 29,5
2005-10-15,34 01 07 08 45 15,3
2005-10-12,54 51 09 18 04 10,5
2005-10-08,26 31 35 50 46 28,5
2005-10-05,25 30 45 02 15 17,5
2005-10-01,18 54 38 08 45 23,5
2005-09-28,07 22 27 48 50 17,2
2005-09-24,02 10 43 55 31 14,5
2005-09-21,35 28 34 03 50 08,3
2005-09-17,49 52 05 09 27 06,2
2005-09-14,24 50 21 42 49 01,4
2005-09-10,10 11 08 48 50 16,4
2005-09-07,32 50 12 40 54 37,3
2005-09-03,30 03 31 01 43 36,4
2005-08-31,17 19 13 50 41 13,2
2005-08-27,08 39 31 44 22 11,5
2005-08-24,35 09 26 11 51 32,5
2005-08-20,27 13 28 29 49 36,4
2005-08-17,08 43 53 30 03 15,5
2005-08-13,02 37 43 18 01 37,4
2005-08-10,31 13 49 38 36 02,5
2005-08-06,09 01 19 36 53 33,3
2005-08-03,39 05 24 19 28 24,5
2005-07-30,14 38 35 08 46 24,5
2005-07-27,04 13 10 29 01 03,5
2005-07-23,28 13 20 32 16 36,5
2005-07-20,51 07 32 39 06 31,2
2005-07-16,50 33 32 41 08 22,5
2005-07-13,05 23 43 04 13 34,4
2005-07-09,53 39 08 09 47 04,5
2005-07-06,12 25 48 02 30 38,4
2005-07-02,29 09 10 52 39 20,4
2005-06-29,42 08 49 22 03 39,5
2005-06-25,28 32 40 07 31 14,2
2005-06-22,13 51 42 23 09 15,5
2005-06-18,10 05 24 16 08 05,5
2005-06-15,39 20 22 14 44 14,5
2005-06-11,03 46 10 24 14 37,3
2005-06-08,36 10 43 40 42 42,5
2005-06-04,16 44 07 38 48 18,4
2005-06-01,34 50 39 42 15 12,2
2005-05-28,39 24 05 28 07 36,4
2005-05-25,29 46 27 31 42 33,2
2005-05-21,07 30 05 10 02 23,2
2005-05-18,17 07 20 13 35 35,5
2005-05-14,49 21 29 38 52 42,2
2005-05-11,46 49 05 48 25 06,5
2005-05-07,47 44 23 21 39 19,2
2005-05-04,27 33 40 10 21 02,2
2005-04-30,08 48 32 15 17 24,4
2005-04-27,42 11 32 13 18 04,5
2005-04-23,15 08 50 09 13 09,3
2005-04-20,07 16 33 34 46 27,5
2005-04-16,11 44 38 51 45 41,2
2005-04-13,37 51 06 13 52 25,5
2005-04-09,46 11 01 35 53 29,3
2005-04-06,05 14 11 51 22 17,3
2005-04-02,11 09 05 17 46 39,5
2005-03-30,28 39 22 32 33 42,5
2005-03-26,35 12 09 51 41 36,5
2005-03-23,29 23 40 45 37 38,5
2005-03-19,41 01 21 32 28 09,4
2005-03-16,19 38 11 25 50 35,2
2005-03-12,40 23 52 46 07 41,5
2005-03-09,20 17 10 23 45 31,3
2005-03-05,40 09 27 53 13 28,2
2005-03-02,48 18 46 03 10 08,5
2005-02-26,33 22 49 30 08 06,5
2005-02-23,04 48 15 10 51 13,4
2005-02-19,12 15 18 52 27 36,3
2005-02-16,48 21 41 27 25 25,5
2005-02-12,50 21 28 18 49 16,5
2005-02-09,10 15 09 18 29 09,5
2005-02-05,44 11 34 47 37 23,5
2005-02-02,16 44 40 10 11 02,5
2005-01-29,41 29 20 16 11 12,5
2005-01-26,05 32 48 47 43 33,2
2005-01-22,33 32 34 11 23 38,4
2005-01-19,49 32 09 18 33 27,3
2005-01-15,37 49 21 51 26 25,5
2005-01-12,50 21 27 38 23 38,5
2005-01-08,11 22 24 09 43 02,4
2005-01-05,10 07 37 04 30 37,5
2005-01-01,47 22 23 26 44 12,5
2004-12-29,44 33 29 38 24 07,5
2004-12-25,39 29 32 53 45 16,3
2004-12-22,07 11 31 24 02 18,5
2004-12-18,30 01 29 25 45 12,3
2004-12-15,38 01 53 11 06 11,4
2004-12-11,16 53 41 07 06 23,5
2004-12-08,17 13 50 35 45 02,2
2004-12-04,30 09 22 06 16 04,4
2004-12-01,44 28 36 38 03 01,4
2004-11-27,16 35 47 36 28 31,2
2004-11-24,47 49 53 03 19 04,4
2004-11-20,45 50 48 04 29 01,2
2004-11-17,31 15 46 25 36 37,2
2004-11-13,33 34 26 05 06 13,5
2004-11-10,14 43 45 21 29 26,2
2004-11-06,18 22 33 40 38 19,3
2004-11-03,48 43 45 11 35 42,4
2004-10-30,20 27 48 40 30 11,2
2004-10-27,40 51 44 11 17 21,5
2004-10-23,49 50 15 52 24 40,5
2004-10-20,41 46 11 17 01 24,5
2004-10-16,22 42 05 36 20 11,2
2004-10-13,17 45 46 05 14 41,4
2004-10-09,10 48 47 03 01 27,3
2004-10-06,50 19 44 05 06 28,4
2004-10-02,32 35 29 13 02 04,4
2004-09-29,35 16 37 28 33 17,3
2004-09-25,41 11 40 48 25 03,5
2004-09-22,37 06 34 14 40 07,5
2004-09-18,14 36 31 02 27 09,4
2004-09-15,28 17 01 50 08 20,4
2004-09-11,36 25 49 46 34 09,2
2004-09-08,28 04 02 33 52 18,3
2004-09-04,46 15 26 25 13 28,2
2004-09-01,44 45 33 51 31 31,4
2004-08-28,35 06 30 45 39 31,3
2004-08-25,32 01 50 30 37 19,5
2004-08-21,40 27 39 16 03 03,5
2004-08-18,35 40 42 33 31 40,2
2004-08-14,04 10 43 18 11 41,3
2004-08-11,10 33 05 51 29 35,5
2004-08-07,16 34 09 08 48 08,5
2004-08-04,37 11 26 22 51 21,5
2004-07-31,47 31 14 35 45 35,3
2004-07-28,40 04 39 19 50 22,3
2004-07-24,52 29 02 03 13 25,4
2004-07-21,42 38 46 31 03 02,5
2004-07-17,23 45 50 20 36 09,3
2004-07-14,09 49 24 45 50 37,3
2004-07-10,17 44 23 16 26 13,4
2004-07-07,41 34 30 25 18 10,5
2004-07-03,03 30 08 47 12 23,4
2004-06-30,47 45 02 31 29 04,5
2004-06-26,17 47 09 32 41 08,5
2004-06-23,16 20 09 12 39 01,5
2004-06-19,02 37 36 48 09 16,2
2004-06-16,16 18 48 39 26 22,5
2004-06-12,06 52 48 43 20 28,3
2004-06-09,31 50 37 01 33 40,2
2004-06-05,41 05 42 39 26 39,5
2004-06-02,26 06 12 29 05 30,5
2004-05-29,01 16 32 39 30 02,5
2004-05-26,38 10 31 03 35 16,2
2004-05-22,01 49 42 36 07 41,5
2004-05-19,31 14 41 37 15 31,5
2004-05-15,01 26 46 27 43 31,2
2004-05-12,42 45 11 31 35 35,4
2004-05-08,37 03 43 09 17 39,4
2004-05-05,21 25 16 09 32 08,3
2004-05-01,01 34 47 10 39 33,3
2004-04-28,27 34 52 49 42 23,2
2004-04-24,02 44 35 13 22 28,2
2004-04-21,11 08 51 42 34 27,4
2004-04-17,41 04 42 34 29 11,5
2004-04-14,38 22 01 20 06 22,3
2004-04-10,02 48 30 09 47 40,2
2004-04-07,07 37 02 35 16 10,5
2004-04-03,43 07 26 06 32 13,3
2004-03-31,15 31 39 34 50 35,3
2004-03-27,30 17 02 15 34 32,2
2004-03-24,39 47 43 20 18 31,5
2004-03-20,44 14 24 27 02 06,5
2004-03-17,24 15 20 43 07 05,4
2004-03-13,50 44 11 48 45 02,3
2004-03-10,10 41 22 20 49 06,5
2004-03-06,49 46 17 51 09 09,5
2004-03-03,23 11 17 53 05 34,2
2004-02-28,25 52 53 06 26 40,2
2004-02-25,04 47 17 11 05 35,5
2004-02-21,22 26 53 48 15 14,5
2004-02-18,50 36 24 04 44 02,4
2004-02-14,25 10 35 43 24 32,5
2004-02-11,05 50 52 16 28 04,4
2004-02-07,46 39 31 35 34 03,2
2004-02-04,17 07 32 25 12 33,2
2004-01-31,37 06 03 27 41 38,4
2004-01-28,17 13 08 39 48 34,4
2004-01-24,01 38 37 05 53 31,3
2004-01-21,17 45 41 34 13 17,4
2004-01-17,48 32 09 45 08 15,5
2004-01-14,44 33 12 50 40 40,5
2004-01-10,13 02 27 19 50 05,5
2004-01-07,44 04 18 14 07 25,3
2004-01-03,42 04 22 05 41 02,4
2003-12-31,05 07 28 18 35 01,3
2003-12-27,17 34 32 16 43 31,5
2003-12-24,01 44 06 34 31 25,3
2003-12-20,48 24 12 25 20 37,4
2003-12-17,43 15 18 21 19 07,5
2003-12-13,17 25 44 19 26 19,3
2003-12-10,40 04 17 26 37 15,4
2003-12-06,24 45 21 41 37 39,5
2003-12-03,37 01 43 10 35 30,4
2003-11-29,39 14 43 51 36 15,5
2003-11-26,16 01 03 41 37 19,5
2003-11-22,45 09 12 29 17 04,2
2003-11-19,36 42 26 16 47 33,4
2003-11-15,20 08 22 32 52 39,5
2003-11-12,22 11 07 19 20 01,4
2003-11-08,05 24 52 38 08 22,5
2003-11-05,20 38 27 06 39 31,5
2003-11-01,34 19 37 47 16 18,5
2003-10-29,22 34 19 08 53 29,3
2003-10-25,06 17 48 45 47 04,3
2003-10-22,53 27 25 03 28 35,5
2003-10-18,35 22 25 34 33 14,5
2003-10-15,29 06 39 52 09 08,5
2003-10-11,11 32 45 14 21 21,2
2003-10-08,06 25 07 08 01 18,5
2003-10-04,08 13 29 44 48 36,3
2003-10-01,50 05 04 21 19 41,2
2003-09-27,48 20 09 41 30 29,5
2003-09-24,28 47 19 20 17 37,4
2003-09-20,13 33 11 31 28 29,4
2003-09-17,32 02 19 34 24 02,5
2003-09-13,32 28 06 19 10 39,5
2003-09-10,03 33 30 17 29 34,5
2003-09-06,41 15 06 20 18 17,5
2003-09-03,19 09 06 24 40 31,5
2003-08-30,35 49 41 36 09 33,3
2003-08-27,31 46 36 42 24 32,5
2003-08-23,39 50 51 46 01 07,5
2003-08-20,35 22 46 48 08 15,5
2003-08-16,15 20 42 37 13 07,5
2003-08-13,44 26 48 35 31 32,2
2003-08-09,25 40 18 23 26 15,4
2003-08-06,48 11 14 26 31 30,2
2003-08-02,41 42 17 40 46 25,3
2003-07-30,26 31 49 22 18 28,2
2003-07-26,09 34 30 10 32 11,3
2003-07-23,51 37 34 16 04 38,5
2003-07-19,34 48 29 14 30 01,5
2003-07-16,30 18 49 28 27 20,5
2003-07-12,50 51 06 16 52 23,4
2003-07-09,19 26 21 31 51 40,3
2003-07-05,17 49 05 25 37 21,2
2003-07-02,26 17 24 45 16 36,5
2003-06-28,44 14 07 41 09 25,4
2003-06-25,43 05 35 50 26 04,4
2003-06-21,27 15 19 44 36 17,5
2003-06-18,19 45 21 20 46 20,4
2003-06-14,12 42 50 40 26 03,5
2003-06-11,44 46 16 12 43 38,2
2003-06-07,27 17 11 40 26 06,3
2003-06-04,26 53 24 14 02 01,2
2003-05-31,46 26 52 10 30 35,3
2003-05-28,17 06 16 19 38 16,5
2003-05-24,49 10 48 42 50 42,5
2003-05-21,41 32 30 04 35 09,2
2003-05-17,18 42 13 05 50 04,2
2003-05-14,34 52 45 20 33 21,5
2003-05-10,01 02 06 20 10 38,4
2003-05-07,13 35 18 51 34 28,5
2003-05-03,14 40 39 47 21 06,5
2003-04-30,32 13 17 33 07 35,4
2003-04-26,36 11 13 05 22 31,4
2003-04-23,51 14 23 15 31 34,2
2003-04-19,48 10 18 40 46 30,5
2003-04-16,39 50 41 25 04 31,5
2003-04-12,17 52 27 35 28 02,5
2003-04-09,38 51 06 28 35 41,2
2003-04-05,46 14 49 07 23 20,5
2003-04-02,47 17 50 12 35 13,4
2003-03-29,25 02 17 09 36 08,2
2003-03-26,52 28 10 40 31 41,5
2003-03-22,29 05 31 49 47 25,3
2003-03-19,19 37 47 51 40 40,5
2003-03-15,45 52 41 30 12 35,5
2003-03-12,24 44 52 25 05 20,3
2003-03-08,20 45 01 21 05 24,3
2003-03-05,37 28 44 02 24 06,2
2003-03-01,28 07 06 27 41 03,5
2003-02-26,34 27 23 31 10 11,2
2003-02-22,10 02 09 06 05 26,2
2003-02-19,16 11 44 17 06 26,5
2003-02-15,29 01 42 38 26 30,2
2003-02-12,49 07 12 19 47 06,4
2003-02-08,21 23 13 20 02 35,5
2003-02-05,02 07 48 09 05 32,5
2003-02-01,11 02 39 21 16 42,5
2003-01-29,12 53 30 27 10 28,5
2003-01-25,10 15 51 12 49 21,5
2003-01-22,40 30 20 28 43 03,3
2003-01-18,34 04 52 48 17 10,4
2003-01-15,17 42 44 30 04 15,5
2003-01-11,09 46 48 45 51 02,5
2003-01-08,44 16 22 46 26 20,3
2003-01-04,11 39 01 40 37 23,2
2003-01-01,42 43 34 53 18 17,5
2002-12-28,50 02 15 38 43 29,5
2002-12-25,53 14 05 16 29 07,4
2002-12-21,39 34 52 05 22 30,5
2002-12-18,52 50 14 33 02 22,5
2002-12-14,42 44 24 17 08 37,2
2002-12-11,06 14 22 12 33 21,3
2002-12-07,17 27 32 03 48 01,2
2002-12-04,35 13 20 21 40 35,4
2002-11-30,19 01 04 21 29 08,2
2002-11-27,01 25 40 53 20 19,5
2002-11-23,49 21 15 19 16 05,4
2002-11-20,14 22 44 21 29 03,3
2002-11-16,40 51 32 33 35 01,2
2002-11-13,50 18 23 38 31 20,5
2002-11-09,53 38 30 40 36 08,5
2002-11-06,09 19 17 12 11 23,5
2002-11-02,34 35 15 32 08 34,4
2002-10-30,09 23 41 19 16 12,5
2002-10-26,33 14 12 39 27 41,3
2002-10-23,18 30 02 14 31 36,5
2002-10-19,04 42 18 25 20 29,4
2002-10-16,08 31 24 37 11 41,5
2002-10-12,23 49 46 52 26 28,5
2002-10-09,09 38 43 10 42 05,4
2002-10-05,22 14 39 43 19 12,2
2002-10-02,04 05 43 02 38 34,2
2002-09-28,24 22 12 35 31 08,3
2002-09-25,49 36 23 12 01 09,2
2002-09-21,45 11 28 40 03 33,5
2002-09-18,44 42 06 27 32 10,5
2002-09-14,14 05 40 26 31 29,4
2002-09-11,06 03 39 26 48 28,3
2002-09-07,24 12 19 34 06 18,5
2002-09-04,26 15 18 36 31 20,5
2002-08-31,14 22 12 29 41 41,5
2002-08-28,38 36 30 24 37 42,2
2002-08-24,24 18 45 05 10 20,5
2002-08-21,48 01 47 06 43 36,1
2002-08-17,46 33 03 42 26 41,3
2002-08-14,19 04 33 16 41 29,2
2002-08-10,11 16 21 35 27 31,5
2002-08-07,13 40 35 47 46 35,4
2002-08-03,34 24 33 13 19 41,5
2002-07-31,02 04 34 22 06 26,4
2002-07-27,17 05 44 22 02 30,1
2002-07-24,16 19 34 37 22 20,4
2002-07-20,13 03 02 26 06 10,1
2002-07-17,25 10 40 11 45 25,5
2002-07-13,22 49 42 03 37 08,3
2002-07-10,31 43 37 45 26 32,5
2002-07-06,02 39 27 09 36 13,3
2002-07-03,07 19 38 48 49 10,5
2002-06-29,45 04 35 33 36 22,5
2002-06-26,09 24 17 23 06 14,4
2002-06-22,16 37 01 48 26 09,2
2002-06-19,04 07 03 11 01 23,3
2002-06-15,16 42 08 07 43 15,3
2002-06-12,49 39 27 13 18 20,1
2002-06-08,48 46 26 42 37 38,3
2002-06-05,18 01 21 36 47 33,2
2002-06-01,17 27 02 06 19 02,3
2002-05-29,49 28 18 35 31 13,1
2002-05-25,29 09 42 33 30 27,4
2002-05-22,20 05 22 34 23 19,1
2002-05-18,25 02 32 31 18 01,2
2002-05-15,30 33 37 36 49 35,5
2002-05-11,03 36 15 16 40 22,1
2002-05-08,11 06 34 25 28 35,3
2002-05-04,12 06 09 20 07 20,5
2002-05-01,48 03 26 32 45 06,5
2002-04-27,12 18 01 33 09 14,1
2002-04-24,13 01 16 43 33 01,2
2002-04-20,40 27 34 44 42 08,4
2002-04-17,02 23 36 03 22 22,2
2002-04-13,38 16 22 33 32 13,4
2002-04-10,29 17 12 07 48 21,3
2002-04-06,22 16 30 15 35 20,5
2002-04-03,14 36 08 29 17 03,1
2002-03-30,29 13 08 16 19 37,1
2002-03-27,35 43 15 40 46 33,3
2002-03-23,39 02 10 48 01 13,1
2002-03-20,04 20 30 49 25 37,5
2002-03-16,45 16 38 37 10 14,5
2002-03-13,04 28 27 49 33 39,2
2002-03-09,02 49 12 38 44 19,3
2002-03-06,30 38 05 15 07 02,5
2002-03-02,06 25 46 22 36 34,4
2002-02-27,02 06 19 45 01 27,4
2002-02-23,15 21 38 19 08 33,1
2002-02-20,19 08 09 25 22 11,5
2002-02-16,31 42 19 45 32 06,5
2002-02-13,43 33 38 10 02 19,4
2002-02-09,30 35 21 17 36 12,1
2002-02-06,28 10 34 24 35 32,3
2002-02-02,27 45 19 43 12 28,1
2002-01-30,07 21 15 09 40 18,2
2002-01-26,05 14 22 30 15 31,4
2002-01-23,14 47 32 18 30 36,5
2002-01-19,21 35 49 41 23 05,2
2002-01-16,24 34 31 47 40 30,2
2002-01-12,13 41 19 22 47 05,3
2002-01-09,39 07 40 42 43 04,5
2002-01-05,07 08 32 17 14 15,5
2002-01-02,36 46 23 44 42 33,3
2001-12-29,45 10 43 27 15 31,2
2001-12-26,19 39 23 41 08 21,3
2001-12-22,27 33 14 24 34 06,3
2001-12-19,35 43 36 20 26 23,4
2001-12-15,11 22 13 08 37 17,4
2001-12-12,35 43 47 20 04 27,4
2001-12-08,35 17 48 31 26 35,2
2001-12-05,14 09 08 13 21 37,3
2001-12-01,48 46 41 06 38 37,2
2001-11-28,48 24 05 15 18 16,2
2001-11-24,27 37 42 12 10 30,5
2001-11-21,31 28 38 41 27 13,1
2001-11-17,07 35 27 01 10 34,4
2001-11-14,17 28 30 04 40 03,1
2001-11-10,07 13 33 38 16 13,4
2001-11-07,25 04 17 02 06 31,1
2001-11-03,14 37 06 49 36 20,3
2001-10-31,02 18 16 40 35 41,5
2001-10-27,17 28 10 01 45 20,5
2001-10-24,27 06 15 42 24 32,5
2001-10-20,40 16 47 07 33 33,2
2001-10-17,46 07 40 05 29 05,1
2001-10-13,37 40 41 46 48 20,2
2001-10-10,08 16 01 07 19 37,5
2001-10-06,31 21 09 05 01 12,1
2001-10-03,23 35 20 02 49 25,5
2001-09-29,15 02 29 47 21 12,4
2001-09-26,35 18 30 26 44 19,4
2001-09-22,27 42 39 34 23 40,1
2001-09-19,31 28 21 41 26 29,5
2001-09-15,33 43 28 49 19 23,3
2001-09-12,47 25 39 13 35 01,3
2001-09-08,12 28 13 48 06 26,3
2001-09-05,14 42 18 33 24 08,5
2001-09-01,27 07 30 44 24 29,1
2001-08-29,35 09 49 04 32 28,3
2001-08-25,17 08 42 22 47 21,2
2001-08-22,02 36 39 30 28 10,3
2001-08-18,22 14 03 20 48 17,1
2001-08-15,37 40 44 29 43 06,5
2001-08-11,14 41 11 25 20 08,4
2001-08-08,37 25 41 10 02 02,2
2001-08-04,16 26 46 24 20 09,3
2001-08-01,39 26 24 34 25 31,4
2001-07-28,33 36 04 23 45 29,1
2001-07-25,37 16 29 39 23 17,2
2001-07-21,19 27 20 15 03 20,5
2001-07-18,09 04 31 26 49 02,2
2001-07-14,27 15 01 13 41 02,4
2001-07-11,16 24 26 10 18 13,5
2001-07-07,09 34 22 46 03 17,1
2001-07-04,30 25 03 28 26 10,3
2001-06-30,33 03 06 34 39 15,2
2001-06-27,07 13 16 03 35 22,3
2001-06-23,42 38 40 06 35 36,2
2001-06-20,05 09 49 18 14 32,1
2001-06-16,44 17 13 02 45 14,1
2001-06-13,41 09 32 36 34 14,2
2001-06-09,37 23 42 43 20 27,3
2001-06-06,10 40 45 20 21 22,1
2001-06-02,10 45 48 26 17 38,5
2001-05-30,12 36 28 43 11 09,1
2001-05-26,09 10 40 24 21 36,4
2001-05-23,34 21 49 32 19 38,2
2001-05-19,49 47 10 06 21 02,2
2001-05-16,28 20 44 13 12 17,5
2001-05-12,11 36 28 16 29 21,5
2001-05-09,49 22 14 19 09 34,2
2001-05-05,07 20 45 09 19 05,2
2001-05-02,42 02 36 19 30 19,2
2001-04-28,01 20 11 39 34 37,5
2001-04-25,39 28 14 29 26 39,1
2001-04-21,24 38 05 25 30 40,2
2001-04-18,06 18 11 20 44 39,3
2001-04-14,03 16 30 08 29 04,2
2001-04-11,21 04 41 32 39 31,3
2001-04-07,37 20 41 31 18 01,4
2001-04-04,05 43 16 12 13 11,3
2001-03-31,11 39 41 27 37 42,2
2001-03-28,27 43 31 12 04 20,5
2001-03-24,02 28 37 40 49 22,5
2001-03-21,13 18 14 20 21 16,1
2001-03-17,36 16 18 15 20 18,5
2001-03-14,42 22 27 49 12 34,2
2001-03-10,30 19 12 26 33 11,3
2001-03-07,32 09 23 45 40 31,5
2001-03-03,44 36 23 09 08 15,
2001-02-28,03 47 46 09 01 22,
2001-02-24,41 30 49 34 29 37,
2001-02-21,32 04 10 39 45 25,
2001-02-17,31 39 22 41 04 06,
2001-02-14,41 29 05 42 18 16,
2001-02-10,46 16 41 38 47 25,
2001-02-07,07 06 33 31 04 20,
2001-02-03,29 27 44 21 41 09,
2001-01-31,27 15 21 47 37 16,
2001-01-27,45 19 41 32 08 37,
2001-01-24,39 49 31 34 42 26,
2001-01-20,36 25 11 01 29 40,
2001-01-17,48 16 31 09 28 36,
2001-01-13,42 19 23 14 29 26,
2001-01-10,23 22 35 06 09 06,
2001-01-06,22 43 01 24 39 26,
2001-01-03,29 09 49 19 38 20,
2000-12-30,46 38 29 23 26 35,
2000-12-27,24 15 32 22 39 18,
2000-12-23,27 06 11 15 22 27,
2000-12-20,04 31 34 07 41 28,
2000-12-16,26 34 02 33 39 23,
2000-12-13,06 19 38 10 43 41,
2000-12-09,14 41 10 08 42 20,
2000-12-06,20 15 45 07 23 17,
2000-12-02,22 14 38 41 11 39,
2000-11-29,29 01 20 27 04 17,
2000-11-25,37 02 39 38 42 22,
2000-11-22,44 18 05 40 47 34,
2000-11-18,27 31 41 03 32 33,
2000-11-15,26 12 46 32 41 18,
2000-11-11,21 38 12 04 46 37,
2000-11-08,37 49 17 45 13 04,
2000-11-04,34 05 22 42 09 02,
2000-11-01,10 29 14 04 39 10,
2000-10-28,37 32 06 11 47 13,
2000-10-25,45 05 46 03 20 37,
2000-10-21,24 45 13 19 44 16,
2000-10-18,17 42 21 43 28 25,
2000-10-14,16 22 18 41 14 37,
2000-10-11,32 44 45 26 41 35,
2000-10-07,04 07 39 34 27 01,
2000-10-04,24 16 48 34 03 03,
2000-09-30,24 19 32 44 43 39,
2000-09-27,24 47 44 32 42 15,
2000-09-23,35 01 17 36 27 31,
2000-09-20,17 45 23 33 21 11,
2000-09-16,19 47 01 40 49 14,
2000-09-13,21 02 22 47 13 31,
2000-09-09,18 42 14 29 20 02,
2000-09-06,28 06 04 12 42 06,
2000-09-02,05 26 22 14 20 35,
2000-08-30,25 29 36 46 04 08,
2000-08-26,40 43 27 22 16 05,
2000-08-23,43 28 47 20 40 31,
2000-08-19,17 36 23 10 13 23,
2000-08-16,44 16 15 47 27 14,
2000-08-12,46 47 31 06 38 21,
2000-08-09,18 28 19 11 17 34,
2000-08-05,32 38 28 13 33 14,
2000-08-02,12 42 49 33 27 31,
2000-07-29,38 24 26 11 41 07,
2000-07-26,03 37 20 22 44 36,
2000-07-22,12 02 33 15 41 33,
2000-07-19,36 05 08 18 38 40,
2000-07-15,21 05 08 49 46 34,
2000-07-12,09 10 48 06 26 10,
2000-07-08,10 02 39 34 07 12,
2000-07-05,32 18 10 14 33 02,
2000-07-01,42 14 22 13 32 26,
2000-06-28,27 24 30 13 45 18,
2000-06-24,49 13 26 27 02 04,
2000-06-21,43 01 28 27 24 25,
2000-06-17,25 15 47 44 06 07,
2000-06-14,23 21 42 32 34 05,
2000-06-10,47 02 32 40 16 15,
2000-06-07,46 45 19 39 49 17,
2000-06-03,31 37 13 14 15 10,
2000-05-31,22 15 42 43 16 11,
2000-05-27,30 29 02 44 22 36,
2000-05-24,07 47 19 43 46 04,
2000-05-20,40 05 48 17 44 26,
2000-05-17,17 20 49 16 28 34,
2000-05-13,38 01 42 27 03 24,
2000-05-10,31 47 20 18 08 11,
2000-05-06,39 04 27 29 41 16,
2000-05-03,05 48 41 34 13 07,
2000-04-29,12 14 35 26 36 37,
2000-04-26,37 24 10 05 17 15,
2000-04-22,48 03 09 05 42 35,
2000-04-19,08 20 49 09 03 22,
2000-04-15,28 26 48 40 15 09,
2000-04-12,31 20 04 25 06 06,
2000-04-08,33 04 48 12 09 18,
2000-04-05,06 11 18 08 39 40,
2000-04-01,04 03 29 38 13 21,
2000-03-29,40 12 32 37 49 37,
2000-03-25,06 48 43 30 45 32,
2000-03-22,41 03 12 46 30 32,
2000-03-18,30 43 46 12 39 10,
2000-03-15,19 44 15 38 14 20,
2000-03-11,23 11 31 02 28 39,
2000-03-08,36 17 14 11 25 38,
2000-03-04,06 43 08 48 03 01,
2000-03-01,22 30 38 21 29 39,
2000-02-26,49 09 07 23 37 07,
2000-02-23,32 12 20 16 26 35,
2000-02-19,45 24 14 23 48 21,
2000-02-16,31 10 12 09 41 37,
2000-02-12,45 37 44 21 24 24,
2000-02-09,40 36 49 05 29 30,
2000-02-05,44 11 41 34 06 20,
2000-02-02,16 06 10 12 29 33,
2000-01-29,28 08 32 06 47 26,
2000-01-26,46 43 18 25 30 18,
2000-01-22,41 32 04 34 16 25,
2000-01-19,12 37 31 35 44 34,
2000-01-15,40 01 06 21 33 28,
2000-01-12,32 09 44 38 41 27,
2000-01-08,28 07 35 40 48 14,
2000-01-05,15 05 16 28 32 39,
2000-01-01,36 13 23 09 45 39,
1999-12-29,43 11 16 03 14 10,
1999-12-25,19 39 29 06 44 28,
1999-12-22,43 23 42 13 11 18,
1999-12-18,43 03 02 25 15 25,
1999-12-15,35 33 47 19 32 26,
1999-12-11,47 10 06 31 48 29,
1999-12-08,34 13 44 40 47 24,
1999-12-04,38 25 36 22 05 37,
1999-12-01,32 14 47 20 03 02,
1999-11-27,16 24 38 28 03 28,
1999-11-24,43 02 15 04 37 40,
1999-11-20,05 06 18 44 42 03,
1999-11-17,27 20 11 48 43 12,
1999-11-13,26 13 32 16 34 24,
1999-11-10,43 40 19 13 31 36,
1999-11-06,08 05 12 40 25 28,
1999-11-03,07 03 08 01 26 07,
1999-10-30,26 41 33 37 10 21,
1999-10-27,31 24 20 39 17 21,
1999-10-23,32 15 12 37 27 11,
1999-10-20,02 20 19 29 16 13,
1999-10-16,05 40 18 22 12 21,
1999-10-13,23 15 44 38 43 38,
1999-10-09,20 08 43 39 27 01,
1999-10-06,07 06 38 42 15 42,
1999-10-02,48 35 15 12 25 30,
1999-09-29,29 46 11 41 22 42,
1999-09-25,33 41 36 32 15 07,
1999-09-22,08 33 38 35 47 08,
1999-09-18,02 46 26 34 08 30,
1999-09-15,37 12 01 42 48 31,
1999-09-11,37 04 32 42 33 25,
1999-09-08,08 43 22 39 15 22,
1999-09-04,23 22 34 26 14 29,
1999-09-01,09 37 39 36 32 14,
1999-08-28,38 39 25 14 18 07,
1999-08-25,45 11 13 21 34 30,
1999-08-21,17 45 28 42 02 20,
1999-08-18,08 05 26 41 09 19,
1999-08-14,06 39 05 45 01 14,
1999-08-11,05 07 43 12 10 07,
1999-08-07,42 49 45 01 44 01,
1999-08-04,24 33 35 04 18 34,
1999-07-31,45 18 43 46 26 29,
1999-07-28,22 25 31 23 32 25,
1999-07-24,04 23 45 47 33 33,
1999-07-21,26 13 31 04 29 03,
1999-07-17,37 40 36 30 48 28,
1999-07-14,25 32 06 29 01 09,
1999-07-10,35 17 07 44 37 30,
1999-07-07,41 03 06 37 17 08,
1999-07-03,01 07 08 37 21 02,
1999-06-30,05 20 40 10 12 03,
1999-06-26,22 15 38 47 08 26,
1999-06-23,15 12 23 17 49 07,
1999-06-19,46 02 23 38 27 26,
1999-06-16,02 04 38 14 08 01,
1999-06-12,28 26 35 45 17 20,
1999-06-09,32 35 07 48 38 17,
1999-06-05,49 08 37 02 16 11,
1999-06-02,48 24 04 20 46 32,
1999-05-29,43 36 35 05 45 19,
1999-05-26,36 26 34 29 37 24,
1999-05-22,36 18 06 43 15 11,
1999-05-19,24 35 04 41 09 31,
1999-05-15,04 38 24 27 30 14,
1999-05-12,05 12 40 38 04 28,
1999-05-08,25 47 34 28 30 14,
1999-05-05,07 40 09 31 26 24,
1999-05-01,20 09 27 07 26 18,
1999-04-28,42 05 12 18 07 14,
1999-04-24,03 48 45 01 35 18,
1999-04-21,03 11 45 41 32 29,
1999-04-17,18 40 25 43 15 37,
1999-04-14,25 10 40 19 12 33,
1999-04-10,03 34 45 42 24 01,
1999-04-07,26 05 37 39 31 42,
1999-04-03,01 04 10 17 30 06,
1999-03-31,16 03 15 39 28 01,
1999-03-27,12 45 13 05 48 35,
1999-03-24,19 20 27 07 26 12,
1999-03-20,20 41 04 40 22 07,
1999-03-17,09 15 31 40 37 09,
1999-03-13,11 49 08 42 44 39,
1999-03-10,34 26 49 14 01 15,
1999-03-06,25 42 19 13 20 13,
1999-03-03,01 44 42 12 08 13,
1999-02-27,30 13 46 20 32 36,
1999-02-24,46 15 40 29 08 23,
1999-02-20,16 39 24 06 15 12,
1999-02-17,36 25 21 22 10 39,
1999-02-13,18 04 35 27 09 11,
1999-02-10,31 42 10 27 20 26,
1999-02-06,25 48 39 15 32 32,
1999-02-03,39 42 26 20 30 32,
1999-01-30,19 40 25 24 45 05,
1999-01-27,20 23 04 44 02 22,
1999-01-23,03 49 30 19 26 31,
1999-01-20,12 02 40 19 48 27,
1999-01-16,02 40 28 15 20 15,
1999-01-13,31 15 33 47 43 06,
1999-01-09,27 05 10 11 32 13,
1999-01-06,16 44 02 09 13 36,
1999-01-02,23 26 39 04 17 27,
1998-12-30,38 34 46 20 10 03,
1998-12-26,17 27 29 07 41 33,
1998-12-23,45 29 31 39 46 33,
1998-12-19,05 15 45 17 03 06,
1998-12-16,03 32 19 27 08 38,
1998-12-12,29 40 16 12 26 32,
1998-12-09,40 12 43 48 33 16,
1998-12-05,31 19 09 27 20 39,
1998-12-02,45 29 36 04 22 30,
1998-11-28,11 04 43 06 02 09,
1998-11-25,06 33 48 13 10 09,
1998-11-21,15 14 21 01 35 10,
1998-11-18,21 25 33 39 46 18,
1998-11-14,41 35 10 16 03 38,
1998-11-11,48 36 14 25 10 02,
1998-11-07,05 33 10 13 30 28,
1998-11-04,17 02 36 08 30 22,
1998-10-31,17 42 33 37 34 08,
1998-10-28,44 24 35 09 08 42,
1998-10-24,12 25 17 10 40 20,
1998-10-21,24 27 22 44 39 25,
1998-10-17,44 48 47 32 28 27,
1998-10-14,26 14 18 32 15 06,
1998-10-10,01 19 08 28 45 25,
1998-10-07,15 08 26 09 06 07,
1998-10-03,05 25 32 14 22 04,
1998-09-30,02 08 03 12 36 24,
1998-09-26,25 24 05 03 02 08,
1998-09-23,01 21 42 22 05 18,
1998-09-19,41 35 19 37 01 11,
1998-09-16,40 35 06 24 42 02,
1998-09-12,19 28 33 16 35 16,
1998-09-09,42 46 12 04 19 09,
1998-09-05,26 49 10 16 08 40,
1998-09-02,28 29 44 40 21 08,
1998-08-29,13 18 14 29 31 23,
1998-08-26,06 32 46 23 42 08,
1998-08-22,21 22 11 07 49 19,
1998-08-19,08 23 43 15 46 29,
1998-08-15,37 12 49 27 30 20,
1998-08-12,10 42 33 02 45 02,
1998-08-08,45 42 05 09 33 28,
1998-08-05,42 35 19 12 03 21,
1998-08-01,04 25 20 44 01 05,
1998-07-29,39 08 43 45 49 13,
1998-07-25,23 14 03 21 17 16,
1998-07-22,30 49 01 23 22 33,
1998-07-18,10 40 14 08 33 31,
1998-07-15,16 21 36 23 11 37,
1998-07-11,10 12 01 06 38 17,
1998-07-08,19 05 16 34 29 24,
1998-07-04,39 25 38 15 30 42,
1998-07-01,03 17 29 35 47 34,
1998-06-27,07 10 31 30 36 37,
1998-06-24,27 18 16 30 13 23,
1998-06-20,49 27 26 31 09 04,
1998-06-17,36 35 07 37 14 10,
1998-06-13,21 23 06 08 03 11,
1998-06-10,12 36 38 19 04 06,
1998-06-06,24 42 26 16 28 24,
1998-06-03,31 22 25 41 35 38,
1998-05-30,03 45 29 24 14 24,
1998-05-27,46 27 15 33 02 27,
1998-05-23,15 16 35 46 01 35,
1998-05-20,09 30 48 34 04 08,
1998-05-16,22 01 41 28 23 18,
1998-05-13,02 36 13 30 18 26,
1998-05-09,08 49 34 29 26 28,
1998-05-06,20 47 45 44 11 05,
1998-05-02,49 03 37 19 14 04,
1998-04-29,25 46 08 47 30 31,
1998-04-25,35 05 38 07 20 19,
1998-04-22,13 04 49 29 31 04,
1998-04-18,22 24 45 19 30 21,
1998-04-15,41 25 08 24 39 21,
1998-04-11,49 48 05 36 15 11,
1998-04-08,03 24 30 49 10 35,
1998-04-04,08 03 23 46 43 13,
1998-04-01,47 33 11 34 12 39,
1998-03-28,27 44 33 38 30 15,
1998-03-25,42 44 35 23 05 29,
1998-03-21,38 34 04 35 47 16,
1998-03-18,04 41 39 02 33 26,
1998-03-14,15 47 35 34 42 15,
1998-03-11,02 17 36 24 05 20,
1998-03-07,32 36 42 30 21 33,
1998-03-04,39 30 19 03 33 09,
1998-02-28,49 26 04 45 41 06,
1998-02-25,30 43 02 20 46 19,
1998-02-21,22 47 29 39 09 25,
1998-02-18,01 33 28 29 21 15,
1998-02-14,41 23 05 39 07 06,
1998-02-11,37 34 33 25 35 35,
1998-02-07,40 12 15 05 27 14,
1998-02-04,30 25 12 08 21 20,
1998-01-31,13 36 48 07 11 18,
1998-01-28,23 48 36 15 31 12,
1998-01-24,07 23 15 28 36 10,
1998-01-21,31 32 23 01 26 33,
1998-01-17,28 09 49 38 29 06,
1998-01-14,16 09 06 28 38 13,
1998-01-10,17 09 07 44 20 25,
1998-01-07,18 04 30 37 03 23,
1998-01-03,04 09 27 07 32 06,
1997-12-31,27 14 06 04 05 06,
1997-12-27,14 48 15 36 09 17,
1997-12-24,28 16 35 34 03 14,
1997-12-20,23 11 12 17 10 07,
1997-12-17,03 05 45 18 13 20,
1997-12-13,44 41 46 35 05 27,
1997-12-10,18 21 28 41 04 03,
1997-12-06,15 26 28 08 43 36,
1997-12-03,18 09 14 47 42 32,
1997-11-29,11 27 13 02 31 23,
1997-11-26,15 46 34 23 40 35,
1997-11-22,22 31 03 07 14 02,
1997-11-19,19 10 48 03 21 22,
1997-11-15,32 07 45 21 26 08,
1997-11-12,41 14 13 29 16 01,
1997-11-08,40 17 21 07 49 37,
1997-11-05,02 19 35 24 28 26,
1997-11-01,37 28 33 22 25 20,
